,id,follower,1_@EsteeLauder,2_@dermalogica,3_@Neutrogena,4_@cerave,5_@SkinCeuticals,n_brand_follower
0,4_@cerave,5001,0,0,0,0,1,1
1,5_@SkinCeuticals,5001,0,0,0,1,0,1
2,2_@dermalogica,5001,0,0,0,0,1,1
3,1_@EsteeLauder,5000,0,0,0,0,0,0
4,3_@Neutrogena,5000,0,0,0,0,0,0
5,14222518,5,1,1,1,1,1,5
6,40965341,5,1,1,1,1,1,5
7,19247844,5,1,1,1,1,1,5
8,19658436,5,1,1,1,1,1,5
9,19546942,5,1,1,1,1,1,5
10,15279429,5,1,1,1,1,1,5
11,32469566,5,1,1,1,1,1,5
12,14934818,5,1,1,1,1,1,5
13,482591078,5,1,1,1,1,1,5
14,15934926,4,1,1,1,0,1,4
15,24569636,4,1,1,1,0,1,4
16,16279527,4,1,1,0,1,1,4
17,183016276,4,1,1,1,0,1,4
18,18911477,4,1,1,1,0,1,4
19,26774034,4,1,1,1,0,1,4
20,61692991,4,1,1,1,0,1,4
21,19472585,4,0,1,1,1,1,4
22,243847729,4,1,1,1,0,1,4
23,25093616,4,0,1,1,1,1,4
24,275656864,4,1,1,1,0,1,4
25,244161928,4,1,1,1,0,1,4
26,23798922,4,1,1,1,0,1,4
27,20177423,4,1,1,1,0,1,4
28,159216926,4,1,1,1,0,1,4
29,56197219,4,1,1,1,0,1,4
30,15744329,4,1,1,1,0,1,4
31,20012204,4,1,1,1,0,1,4
32,201546293,4,1,1,1,0,1,4
33,158473531,4,1,1,1,0,1,4
34,117597817,4,1,1,1,0,1,4
35,321714804,4,1,1,1,0,1,4
36,14791162,4,1,1,1,0,1,4
37,21714304,4,1,1,1,0,1,4
38,74134550,4,1,1,1,0,1,4
39,24190981,4,1,1,1,1,0,4
40,89805327,4,1,1,1,0,1,4
41,40886122,4,1,1,1,0,1,4
42,106818079,4,1,1,1,0,1,4
43,188576704,4,1,1,1,0,1,4
44,136361303,4,1,1,1,0,1,4
45,92577188,4,1,1,1,0,1,4
46,113129685,4,1,1,1,0,1,4
47,22686795,4,1,1,1,0,1,4
48,18806753,4,1,1,1,0,1,4
49,22150977,4,1,1,1,0,1,4
50,23482952,4,1,1,1,0,1,4
51,37502226,4,1,1,1,0,1,4
52,19784831,4,1,1,1,0,1,4
53,17604456,4,1,1,0,1,1,4
54,16146026,4,1,1,1,0,1,4
55,25589776,4,1,1,1,0,1,4
56,972651,4,1,1,1,0,1,4
57,14310733,4,1,1,1,0,1,4
58,28134825,3,1,1,0,1,0,3
59,15477762,3,0,1,1,0,1,3
60,225540697,3,0,1,1,1,0,3
61,163796501,3,0,1,1,0,1,3
62,21227745,3,0,1,1,0,1,3
63,394190595,3,1,1,1,0,0,3
64,838116901,3,0,1,1,0,1,3
65,14833304,3,1,1,0,1,0,3
66,209128573,3,0,1,1,0,1,3
67,331757864,3,0,1,1,0,1,3
68,1151147790,3,0,1,1,0,1,3
69,160700592,3,1,1,0,0,1,3
70,18198715,3,1,1,0,0,1,3
71,152071249,3,1,1,0,0,1,3
72,14466097,3,0,1,1,0,1,3
73,14305711,3,1,1,0,0,1,3
74,1110713893,3,0,1,1,0,1,3
75,14353891,3,0,1,1,0,1,3
76,8856442,3,1,1,0,0,1,3
77,65800700,3,1,0,1,0,1,3
78,27855950,3,1,1,0,0,1,3
79,37013608,3,0,1,0,1,1,3
80,38032836,3,1,0,1,0,1,3
81,194226355,3,0,1,1,0,1,3
82,25092348,3,0,1,1,0,1,3
83,93508251,3,0,1,1,0,1,3
84,16581519,3,1,1,0,0,1,3
85,15369253,3,1,1,0,0,1,3
86,6362172,3,0,1,1,0,1,3
87,42801775,3,1,1,0,0,1,3
88,12887832,3,1,1,0,0,1,3
89,205336406,3,1,1,0,0,1,3
90,30947351,3,1,0,1,0,1,3
91,12891562,3,1,1,0,0,1,3
92,15668861,3,1,1,0,0,1,3
93,14778269,3,1,1,0,0,1,3
94,17801340,3,1,1,0,0,1,3
95,20455625,3,0,1,1,0,1,3
96,29311468,3,0,1,1,0,1,3
97,43386507,3,0,1,0,1,1,3
98,37708300,3,0,1,1,0,1,3
99,14562016,3,0,1,1,0,1,3
100,79904259,3,1,1,0,0,1,3
101,228379737,3,1,1,0,0,1,3
102,19074134,3,0,1,1,0,1,3
103,30704824,3,1,1,0,0,1,3
104,254057168,3,1,0,1,0,1,3
105,16153714,3,1,1,0,0,1,3
106,15706176,3,1,1,0,0,1,3
107,14638974,3,1,1,0,0,1,3
108,64522637,3,1,1,0,0,1,3
109,302068984,3,0,1,1,0,1,3
110,64846516,3,1,0,1,0,1,3
111,148826451,3,1,0,1,0,1,3
112,34357707,3,1,0,1,0,1,3
113,22934008,3,1,1,0,0,1,3
114,35047040,3,0,1,1,0,1,3
115,19776126,3,1,0,0,1,1,3
116,213184382,3,1,1,0,0,1,3
117,17909306,3,1,1,0,0,1,3
118,34507480,3,0,1,1,0,1,3
119,21401466,3,1,1,1,0,0,3
120,807095,3,1,1,0,0,1,3
121,35479533,3,0,1,0,1,1,3
122,296031125,2,0,1,1,0,0,2
123,50028252,2,0,1,1,0,0,2
124,58602756,2,0,0,0,1,1,2
125,17505100,2,0,1,1,0,0,2
126,15162193,2,1,1,0,0,0,2
127,583132258,2,1,1,0,0,0,2
128,25626894,2,1,1,0,0,0,2
129,46186400,2,1,0,0,0,1,2
130,14834900,2,1,1,0,0,0,2
131,522551659,2,0,0,1,0,1,2
132,111966083,2,0,1,0,0,1,2
133,14629186,2,0,1,0,0,1,2
134,581329418,2,0,0,0,1,1,2
135,16824090,2,0,1,1,0,0,2
136,38233352,2,1,1,0,0,0,2
137,18721830,2,0,1,1,0,0,2
138,52592400,2,0,1,0,0,1,2
139,27778893,2,0,1,0,0,1,2
140,15754922,2,0,1,0,0,1,2
141,19212009,2,0,1,1,0,0,2
142,270569066,2,0,1,1,0,0,2
143,25732791,2,0,1,1,0,0,2
144,17219108,2,1,1,0,0,0,2
145,21442110,2,1,1,0,0,0,2
146,24263801,2,0,1,0,0,1,2
147,16096416,2,1,0,0,0,1,2
148,19397785,2,0,1,0,0,1,2
149,14218186,2,0,1,0,0,1,2
150,19594580,2,1,1,0,0,0,2
151,783214,2,0,1,1,0,0,2
152,296632715,2,1,0,0,0,1,2
153,533369596,2,0,0,1,0,1,2
154,1205718840,2,0,0,0,1,1,2
155,44084276,2,0,0,1,0,1,2
156,27844479,2,1,1,0,0,0,2
157,107930490,2,1,1,0,0,0,2
158,1055283865,2,0,0,1,0,1,2
159,14511951,2,1,0,1,0,0,2
160,3235119715,2,0,0,0,1,1,2
161,24973023,2,0,1,0,0,1,2
162,30270360,2,0,1,0,0,1,2
163,78293304,2,1,0,1,0,0,2
164,15692086,2,1,0,0,0,1,2
165,25087685,2,0,0,1,0,1,2
166,320915965,2,0,1,1,0,0,2
167,441292379,2,0,1,0,0,1,2
168,816653,2,1,0,1,0,0,2
169,858197064,2,0,1,1,0,0,2
170,45564482,2,1,0,0,0,1,2
171,15735744,2,0,1,0,0,1,2
172,124219349,2,1,0,1,0,0,2
173,206027972,2,0,0,1,0,1,2
174,15485441,2,0,1,0,0,1,2
175,23972307,2,1,0,0,0,1,2
176,30258447,2,0,0,1,0,1,2
177,36357026,2,0,1,0,0,1,2
178,73499979,2,1,1,0,0,0,2
179,21324258,2,1,0,0,0,1,2
180,16550628,2,1,1,0,0,0,2
181,528066406,2,0,1,1,0,0,2
182,105189289,2,1,1,0,0,0,2
183,19774073,2,0,1,1,0,0,2
184,15566901,2,0,1,1,0,0,2
185,15919502,2,0,1,1,0,0,2
186,19554706,2,0,1,0,0,1,2
187,34312352,2,0,1,0,0,1,2
188,158128894,2,1,1,0,0,0,2
189,637129408,2,0,1,1,0,0,2
190,70435939,2,1,1,0,0,0,2
191,28160998,2,0,1,0,0,1,2
192,31521256,2,0,1,0,1,0,2
193,213927225,2,0,1,1,0,0,2
194,52251346,2,0,1,1,0,0,2
195,1400920897,2,0,0,1,0,1,2
196,19602061,2,0,1,0,0,1,2
197,12701412,2,0,1,0,0,1,2
198,18487669,2,0,0,1,1,0,2
199,31012378,2,0,1,0,1,0,2
200,17328030,2,0,1,1,0,0,2
201,3950477674,2,0,1,0,1,0,2
202,50292966,2,0,1,0,1,0,2
203,26239721,2,0,1,1,0,0,2
204,16704428,2,1,1,0,0,0,2
205,71352734,2,1,0,0,0,1,2
206,55642575,2,0,0,0,1,1,2
207,55678606,2,0,1,0,1,0,2
208,129246852,2,0,1,1,0,0,2
209,16716726,2,1,0,0,1,0,2
210,10112122,2,1,0,0,0,1,2
211,171102859,2,0,1,0,0,1,2
212,64544431,2,0,1,1,0,0,2
213,915124134,2,0,0,1,0,1,2
214,633133683,2,0,0,1,0,1,2
215,1416295405,2,0,0,1,0,1,2
216,1061027870,2,0,0,0,1,1,2
217,500496286,2,0,1,0,0,1,2
218,378798532,2,0,0,1,0,1,2
219,19923638,2,1,0,0,0,1,2
220,14538496,2,1,1,0,0,0,2
221,296908387,2,0,1,1,0,0,2
222,35018401,2,0,1,1,0,0,2
223,37205484,2,0,1,1,0,0,2
224,15492359,2,0,1,1,0,0,2
225,35822604,2,1,0,0,0,1,2
226,83990030,2,0,0,1,0,1,2
227,18145841,2,0,1,0,0,1,2
228,21701757,2,0,1,1,0,0,2
229,22024974,2,1,0,0,0,1,2
230,23593931,2,0,1,0,0,1,2
231,73143956,2,1,0,0,0,1,2
232,582033777,2,0,0,0,1,1,2
233,51737153,2,1,1,0,0,0,2
234,23544596,2,0,1,0,0,1,2
235,285282053,2,0,1,0,0,1,2
236,18909973,2,1,0,0,0,1,2
237,46547352,2,0,1,1,0,0,2
238,322024400,2,0,1,0,0,1,2
239,21246105,2,1,0,1,0,0,2
240,23643957,2,0,1,0,1,0,2
241,108837087,2,0,0,1,0,1,2
242,194204602,2,0,0,1,0,1,2
243,486203058,2,0,0,1,0,1,2
244,52185212,2,0,1,0,0,1,2
245,19738459,2,1,1,0,0,0,2
246,3108351,2,1,0,0,0,1,2
247,18565988,2,1,1,0,0,0,2
248,524396430,2,0,0,1,1,0,2
249,108666688,2,0,1,0,0,1,2
250,26259480,2,0,0,1,0,1,2
251,18061792,2,1,0,1,0,0,2
252,64853672,2,0,1,0,0,1,2
253,482098346,2,0,0,0,1,1,2
254,28412286,2,1,1,0,0,0,2
255,325634414,2,0,0,1,0,1,2
256,23083899,2,0,0,1,0,1,2
257,18483313,2,0,1,0,0,1,2
258,105392990,2,0,1,0,0,1,2
259,46875439,2,0,1,0,0,1,2
260,34941915,2,0,1,0,0,1,2
261,30646692,2,0,0,0,1,1,2
262,37890617,2,0,0,0,1,1,2
263,209409498,2,0,1,0,0,1,2
264,1114561474867924993,2,0,0,0,1,1,2
265,172060140,2,0,1,1,0,0,2
266,1247519018774343680,2,0,0,0,1,1,2
267,18270085,2,0,1,0,0,1,2
268,18423808,2,0,1,0,0,1,2
269,15829435,2,1,0,1,0,0,2
270,20013340,2,1,0,0,0,1,2
271,34097876,2,1,1,0,0,0,2
272,21757155,2,0,1,0,0,1,2
273,7744592,2,0,1,0,0,1,2
274,2883841,2,0,1,0,0,1,2
275,12090832,2,1,1,0,0,0,2
276,309978842,2,0,1,1,0,0,2
277,24454241,2,0,1,0,0,1,2
278,14438417,2,0,1,0,0,1,2
279,21111883,2,0,1,0,0,1,2
280,23179992,2,0,1,0,0,1,2
281,21673279,2,1,0,0,0,1,2
282,15153305,2,0,1,0,0,1,2
283,97996652,2,0,0,0,1,1,2
284,23101954,2,1,1,0,0,0,2
285,14401273,2,0,1,0,0,1,2
286,117471739,2,0,1,1,0,0,2
287,21434408,2,0,1,0,0,1,2
288,21898041,2,0,1,0,0,1,2
289,14292954,2,0,0,1,0,1,2
290,27133072,2,1,0,1,0,0,2
291,130248263,2,1,0,1,0,0,2
292,15846407,2,0,1,0,0,1,2
293,12338312,2,0,1,0,0,1,2
294,90203791,2,0,1,0,0,1,2
295,5174191,2,1,1,0,0,0,2
296,54406648,2,0,1,0,0,1,2
297,4797779651,2,0,0,0,1,1,2
298,74805278,2,0,1,1,0,0,2
299,29439701,2,0,1,0,0,1,2
300,14297868,2,0,1,0,0,1,2
301,17298364,2,0,1,0,0,1,2
302,113514650,2,1,1,0,0,0,2
303,15651039,2,0,1,0,0,1,2
304,373104438,2,1,1,0,0,0,2
305,17475920,2,1,0,0,0,1,2
306,24845635,2,1,1,0,0,0,2
307,21692557,2,1,0,1,0,0,2
308,17024004,2,0,1,0,0,1,2
309,261762662,2,0,0,0,1,1,2
310,15933910,2,1,0,0,0,1,2
311,15551795,2,0,1,0,0,1,2
312,25928253,2,0,1,0,0,1,2
313,319094338,2,0,0,0,1,1,2
314,141598384,2,1,0,0,0,1,2
315,28729351,2,0,1,0,0,1,2
316,256610829,2,0,1,0,0,1,2
317,41894068,2,1,1,0,0,0,2
318,26565946,2,0,1,0,0,1,2
319,1769551,2,0,1,0,0,1,2
320,25103000,2,0,1,1,0,0,2
321,23375688,2,0,1,0,0,1,2
322,21447363,2,0,1,0,0,1,2
323,154584937,2,1,0,1,0,0,2
324,42707220,2,0,1,0,0,1,2
325,17232597,2,0,1,0,0,1,2
326,498876242,2,0,0,0,1,1,2
327,22694674,2,1,0,1,0,0,2
328,30916176,2,1,0,0,0,1,2
329,17919972,2,0,1,0,0,1,2
330,114049072,2,1,1,0,0,0,2
331,14769365,2,1,0,1,0,0,2
332,53297035,2,0,1,1,0,0,2
333,43627602,2,0,1,0,0,1,2
334,15631903,2,0,1,0,0,1,2
335,22830044,2,1,1,0,0,0,2
336,16258898,2,1,0,0,0,1,2
337,85579822,2,0,0,1,0,1,2
338,17429696,2,0,0,1,0,1,2
339,45289787,2,0,1,0,0,1,2
340,14395321,2,0,1,0,0,1,2
341,14803701,2,1,1,0,0,0,2
342,13787352,2,0,1,0,0,1,2
343,103943552,2,0,1,0,0,1,2
344,15573183,1,0,1,0,0,0,1
345,29840295,1,0,1,0,0,0,1
346,243028381,1,0,1,0,0,0,1
347,17718497,1,0,1,0,0,0,1
348,427849860,1,0,1,0,0,0,1
349,6487292,1,0,1,0,0,0,1
350,16106552,1,0,1,0,0,0,1
351,17358768,1,0,1,0,0,0,1
352,24852465,1,0,1,0,0,0,1
353,19192100,1,0,1,0,0,0,1
354,156123587,1,0,1,0,0,0,1
355,249995485,1,0,1,0,0,0,1
356,61387670,1,0,1,0,0,0,1
357,14056374,1,0,1,0,0,0,1
358,359627132,1,0,1,0,0,0,1
359,119235943,1,0,1,0,0,0,1
360,17010265,1,0,1,0,0,0,1
361,310332773,1,0,1,0,0,0,1
362,220865178,1,0,1,0,0,0,1
363,2411385128,1,0,1,0,0,0,1
364,27146116,1,0,1,0,0,0,1
365,162626477,1,0,1,0,0,0,1
366,96664830,1,0,1,0,0,0,1
367,32692980,1,0,1,0,0,0,1
368,201035181,1,0,1,0,0,0,1
369,15635123,1,0,1,0,0,0,1
370,205063367,1,0,1,0,0,0,1
371,110840720,1,0,1,0,0,0,1
372,73738995,1,0,1,0,0,0,1
373,153694176,1,0,1,0,0,0,1
374,17892370,1,0,1,0,0,0,1
375,65773523,1,0,1,0,0,0,1
376,209994211,1,0,1,0,0,0,1
377,72598780,1,0,1,0,0,0,1
378,235716665,1,0,1,0,0,0,1
379,355307031,1,0,1,0,0,0,1
380,29248958,1,0,1,0,0,0,1
381,43803786,1,0,1,0,0,0,1
382,87239242,1,0,1,0,0,0,1
383,66561957,1,0,1,0,0,0,1
384,48100887,1,0,1,0,0,0,1
385,499073990,1,0,1,0,0,0,1
386,229219088,1,0,1,0,0,0,1
387,383806661,1,0,1,0,0,0,1
388,373975061,1,0,1,0,0,0,1
389,180505807,1,0,1,0,0,0,1
390,1198406491,1,0,1,0,0,0,1
391,20196258,1,0,1,0,0,0,1
392,1588486417,1,0,1,0,0,0,1
393,128626186,1,0,1,0,0,0,1
394,322803070,1,0,1,0,0,0,1
395,608718058,1,0,1,0,0,0,1
396,31080039,1,0,1,0,0,0,1
397,419859222,1,0,1,0,0,0,1
398,28706024,1,0,1,0,0,0,1
399,26918986,1,0,1,0,0,0,1
400,31239408,1,0,1,0,0,0,1
401,268439864,1,0,1,0,0,0,1
402,563940069,1,0,1,0,0,0,1
403,59949396,1,0,1,0,0,0,1
404,129575180,1,0,1,0,0,0,1
405,242048116,1,0,1,0,0,0,1
406,262359713,1,0,1,0,0,0,1
407,31583155,1,0,1,0,0,0,1
408,29784606,1,0,1,0,0,0,1
409,108797271,1,0,1,0,0,0,1
410,3449731814,1,0,1,0,0,0,1
411,186598799,1,0,1,0,0,0,1
412,184596818,1,0,1,0,0,0,1
413,110775637,1,0,1,0,0,0,1
414,49603785,1,0,1,0,0,0,1
415,25533939,1,0,1,0,0,0,1
416,244243477,1,0,1,0,0,0,1
417,1396607436,1,0,1,0,0,0,1
418,67197351,1,0,1,0,0,0,1
419,23148645,1,0,1,0,0,0,1
420,69365159,1,0,1,0,0,0,1
421,1227805225,1,0,1,0,0,0,1
422,326821147,1,0,1,0,0,0,1
423,571083342,1,0,1,0,0,0,1
424,242516347,1,0,1,0,0,0,1
425,24807616,1,0,1,0,0,0,1
426,748602750,1,0,1,0,0,0,1
427,15676578,1,0,1,0,0,0,1
428,36682388,1,0,1,0,0,0,1
429,15317676,1,0,1,0,0,0,1
430,469093381,1,0,1,0,0,0,1
431,41229669,1,0,1,0,0,0,1
432,305834073,1,0,1,0,0,0,1
433,398309235,1,0,1,0,0,0,1
434,530882834,1,0,1,0,0,0,1
435,1893886027,1,0,1,0,0,0,1
436,55122142,1,0,1,0,0,0,1
437,17066391,1,0,1,0,0,0,1
438,43283406,1,0,1,0,0,0,1
439,183253070,1,0,1,0,0,0,1
440,122992750,1,0,1,0,0,0,1
441,290910317,1,0,1,0,0,0,1
442,26598447,1,0,1,0,0,0,1
443,485337447,1,0,1,0,0,0,1
444,21632757,1,0,1,0,0,0,1
445,150102668,1,0,1,0,0,0,1
446,80655102,1,0,1,0,0,0,1
447,16477594,1,0,1,0,0,0,1
448,115674870,1,0,1,0,0,0,1
449,2216945533,1,0,1,0,0,0,1
450,131166463,1,0,1,0,0,0,1
451,166655924,1,0,1,0,0,0,1
452,50008018,1,0,1,0,0,0,1
453,2649180901,1,0,1,0,0,0,1
454,820674420,1,0,1,0,0,0,1
455,192635623,1,0,1,0,0,0,1
456,59624844,1,0,1,0,0,0,1
457,15680571,1,0,1,0,0,0,1
458,191504048,1,0,1,0,0,0,1
459,113439399,1,0,1,0,0,0,1
460,748678728,1,0,1,0,0,0,1
461,116331114,1,0,1,0,0,0,1
462,177389908,1,0,1,0,0,0,1
463,50289393,1,0,1,0,0,0,1
464,43493214,1,0,1,0,0,0,1
465,110557285,1,0,1,0,0,0,1
466,1449284184,1,0,1,0,0,0,1
467,32471744,1,0,1,0,0,0,1
468,193477235,1,0,1,0,0,0,1
469,77037315,1,0,1,0,0,0,1
470,2613256884,1,0,1,0,0,0,1
471,2927758254,1,0,1,0,0,0,1
472,284181046,1,0,1,0,0,0,1
473,24531730,1,0,1,0,0,0,1
474,18351403,1,0,1,0,0,0,1
475,2525860722,1,0,1,0,0,0,1
476,32965970,1,0,1,0,0,0,1
477,46116615,1,0,1,0,0,0,1
478,11666922,1,0,1,0,0,0,1
479,20830520,1,0,1,0,0,0,1
480,41509378,1,0,1,0,0,0,1
481,61880886,1,0,1,0,0,0,1
482,337663391,1,0,1,0,0,0,1
483,560643476,1,0,1,0,0,0,1
484,18716431,1,0,1,0,0,0,1
485,36220671,1,0,1,0,0,0,1
486,64814088,1,0,1,0,0,0,1
487,22664094,1,0,1,0,0,0,1
488,9199782,1,0,1,0,0,0,1
489,64258812,1,0,1,0,0,0,1
490,2480636886,1,0,1,0,0,0,1
491,2387914692,1,0,1,0,0,0,1
492,3221606581,1,0,1,0,0,0,1
493,2332132455,1,0,1,0,0,0,1
494,770215369,1,0,1,0,0,0,1
495,119228939,1,0,1,0,0,0,1
496,43210680,1,0,1,0,0,0,1
497,119174978,1,0,1,0,0,0,1
498,491350825,1,0,1,0,0,0,1
499,147984406,1,0,1,0,0,0,1
500,431902132,1,0,1,0,0,0,1
501,223468754,1,0,1,0,0,0,1
502,447559077,1,0,1,0,0,0,1
503,122130739,1,0,1,0,0,0,1
504,271788265,1,0,1,0,0,0,1
505,97505981,1,0,1,0,0,0,1
506,127431090,1,0,1,0,0,0,1
507,24503334,1,0,1,0,0,0,1
508,2299941582,1,0,1,0,0,0,1
509,16153286,1,0,1,0,0,0,1
510,547076239,1,0,1,0,0,0,1
511,21917172,1,0,1,0,0,0,1
512,1686304615,1,0,1,0,0,0,1
513,2586298274,1,0,1,0,0,0,1
514,344165231,1,0,1,0,0,0,1
515,109660695,1,0,1,0,0,0,1
516,123639602,1,0,1,0,0,0,1
517,48399528,1,0,1,0,0,0,1
518,14575107,1,0,1,0,0,0,1
519,26271890,1,0,1,0,0,0,1
520,1720132285,1,0,1,0,0,0,1
521,563957624,1,0,1,0,0,0,1
522,678543,1,0,1,0,0,0,1
523,85586404,1,0,1,0,0,0,1
524,46785794,1,0,1,0,0,0,1
525,18854640,1,0,1,0,0,0,1
526,11667342,1,0,1,0,0,0,1
527,2578702152,1,0,1,0,0,0,1
528,67620081,1,0,1,0,0,0,1
529,16015780,1,0,1,0,0,0,1
530,1952696875,1,0,1,0,0,0,1
531,15906442,1,0,1,0,0,0,1
532,2460398515,1,0,1,0,0,0,1
533,18767991,1,0,1,0,0,0,1
534,2458414939,1,0,1,0,0,0,1
535,802659320,1,0,1,0,0,0,1
536,19700731,1,0,1,0,0,0,1
537,87939089,1,0,1,0,0,0,1
538,71137085,1,0,1,0,0,0,1
539,23957080,1,0,1,0,0,0,1
540,30500047,1,0,1,0,0,0,1
541,19958043,1,0,1,0,0,0,1
542,15912441,1,0,1,0,0,0,1
543,16742663,1,0,1,0,0,0,1
544,39710561,1,0,1,0,0,0,1
545,34182484,1,0,1,0,0,0,1
546,36218435,1,0,1,0,0,0,1
547,86084622,1,0,1,0,0,0,1
548,24214868,1,0,1,0,0,0,1
549,26961500,1,0,1,0,0,0,1
550,33547480,1,0,1,0,0,0,1
551,18640123,1,0,1,0,0,0,1
552,28524351,1,0,1,0,0,0,1
553,91355232,1,0,1,0,0,0,1
554,163685354,1,0,1,0,0,0,1
555,14096570,1,0,1,0,0,0,1
556,23249513,1,0,1,0,0,0,1
557,19407053,1,0,1,0,0,0,1
558,15165057,1,0,1,0,0,0,1
559,20133364,1,0,1,0,0,0,1
560,30322063,1,0,1,0,0,0,1
561,2297920962,1,0,1,0,0,0,1
562,24380610,1,0,1,0,0,0,1
563,18889993,1,0,1,0,0,0,1
564,22690249,1,0,1,0,0,0,1
565,27832940,1,0,1,0,0,0,1
566,408806928,1,0,1,0,0,0,1
567,92201899,1,0,1,0,0,0,1
568,15512157,1,0,1,0,0,0,1
569,94990079,1,0,1,0,0,0,1
570,317961494,1,0,1,0,0,0,1
571,14964841,1,0,1,0,0,0,1
572,491431419,1,0,1,0,0,0,1
573,2434084468,1,0,1,0,0,0,1
574,304407146,1,0,1,0,0,0,1
575,183116310,1,0,1,0,0,0,1
576,87691035,1,0,1,0,0,0,1
577,868496120,1,0,1,0,0,0,1
578,442892321,1,0,1,0,0,0,1
579,83299867,1,0,1,0,0,0,1
580,234802473,1,0,1,0,0,0,1
581,313863251,1,0,1,0,0,0,1
582,150905680,1,0,1,0,0,0,1
583,191086081,1,0,1,0,0,0,1
584,67658338,1,0,1,0,0,0,1
585,14668648,1,0,1,0,0,0,1
586,19597937,1,0,1,0,0,0,1
587,77446833,1,0,1,0,0,0,1
588,417366772,1,0,1,0,0,0,1
589,2353901892,1,0,1,0,0,0,1
590,1445138454,1,0,1,0,0,0,1
591,1223129569,1,0,1,0,0,0,1
592,104956727,1,0,1,0,0,0,1
593,19940419,1,0,1,0,0,0,1
594,2372096533,1,0,1,0,0,0,1
595,397706029,1,0,1,0,0,0,1
596,27477621,1,0,1,0,0,0,1
597,196203863,1,0,1,0,0,0,1
598,2352726432,1,0,1,0,0,0,1
599,355616401,1,0,1,0,0,0,1
600,360091997,1,0,1,0,0,0,1
601,888052794,1,0,1,0,0,0,1
602,88970378,1,0,1,0,0,0,1
603,977774280,1,0,1,0,0,0,1
604,106238562,1,0,1,0,0,0,1
605,73216276,1,0,1,0,0,0,1
606,236571181,1,0,1,0,0,0,1
607,161910151,1,0,1,0,0,0,1
608,345718870,1,0,1,0,0,0,1
609,62889293,1,0,1,0,0,0,1
610,297097467,1,0,1,0,0,0,1
611,18682378,1,0,1,0,0,0,1
612,331815308,1,0,1,0,0,0,1
613,902397488,1,0,1,0,0,0,1
614,45034803,1,0,1,0,0,0,1
615,95436695,1,0,1,0,0,0,1
616,26877970,1,0,1,0,0,0,1
617,921484105,1,0,1,0,0,0,1
618,416723522,1,0,1,0,0,0,1
619,63170682,1,0,1,0,0,0,1
620,409387669,1,0,1,0,0,0,1
621,26475758,1,0,1,0,0,0,1
622,15986973,1,0,1,0,0,0,1
623,487177248,1,0,1,0,0,0,1
624,236022082,1,0,1,0,0,0,1
625,56347280,1,0,1,0,0,0,1
626,218702702,1,0,1,0,0,0,1
627,322118635,1,0,1,0,0,0,1
628,127034065,1,0,1,0,0,0,1
629,159066118,1,0,1,0,0,0,1
630,20697564,1,0,1,0,0,0,1
631,39478088,1,0,1,0,0,0,1
632,2319754532,1,0,1,0,0,0,1
633,215233095,1,0,1,0,0,0,1
634,99585457,1,0,1,0,0,0,1
635,25753768,1,0,1,0,0,0,1
636,838767702,1,0,1,0,0,0,1
637,860184476,1,0,1,0,0,0,1
638,117534188,1,0,1,0,0,0,1
639,1270983182,1,0,1,0,0,0,1
640,278547178,1,0,1,0,0,0,1
641,27306783,1,0,1,0,0,0,1
642,162117009,1,0,1,0,0,0,1
643,831214873,1,0,1,0,0,0,1
644,1539556968,1,0,1,0,0,0,1
645,178975036,1,0,1,0,0,0,1
646,90559841,1,0,1,0,0,0,1
647,114540064,1,0,1,0,0,0,1
648,41250081,1,0,1,0,0,0,1
649,460828941,1,0,1,0,0,0,1
650,73059980,1,0,1,0,0,0,1
651,1429615082,1,0,1,0,0,0,1
652,21637626,1,0,1,0,0,0,1
653,36819021,1,0,1,0,0,0,1
654,25581439,1,0,1,0,0,0,1
655,2325541024,1,0,1,0,0,0,1
656,16485790,1,0,1,0,0,0,1
657,284825136,1,0,1,0,0,0,1
658,328327188,1,0,1,0,0,0,1
659,375335520,1,0,1,0,0,0,1
660,482164506,1,0,1,0,0,0,1
661,70514215,1,0,1,0,0,0,1
662,2860433097,1,0,1,0,0,0,1
663,235290004,1,0,1,0,0,0,1
664,356089470,1,0,1,0,0,0,1
665,20327593,1,0,1,0,0,0,1
666,2467592239,1,0,1,0,0,0,1
667,208045361,1,0,1,0,0,0,1
668,427602476,1,0,1,0,0,0,1
669,19621110,1,0,1,0,0,0,1
670,414292990,1,0,1,0,0,0,1
671,119595756,1,0,1,0,0,0,1
672,16372920,1,0,1,0,0,0,1
673,462303213,1,0,1,0,0,0,1
674,2360939163,1,0,1,0,0,0,1
675,2275103288,1,0,1,0,0,0,1
676,1827747336,1,0,1,0,0,0,1
677,2385895560,1,0,1,0,0,0,1
678,1606348501,1,0,1,0,0,0,1
679,39916138,1,0,1,0,0,0,1
680,294352411,1,0,1,0,0,0,1
681,460591636,1,0,1,0,0,0,1
682,338843727,1,0,1,0,0,0,1
683,26896746,1,0,1,0,0,0,1
684,2735591,1,0,1,0,0,0,1
685,38258666,1,0,1,0,0,0,1
686,188402408,1,0,1,0,0,0,1
687,193930027,1,0,1,0,0,0,1
688,240779629,1,0,1,0,0,0,1
689,16831627,1,0,1,0,0,0,1
690,121440748,1,0,1,0,0,0,1
691,292527164,1,0,1,0,0,0,1
692,414900464,1,0,1,0,0,0,1
693,43876105,1,0,1,0,0,0,1
694,168941722,1,0,1,0,0,0,1
695,32976450,1,0,1,0,0,0,1
696,458857428,1,0,1,0,0,0,1
697,15725609,1,0,1,0,0,0,1
698,741502310,1,0,1,0,0,0,1
699,76066021,1,0,1,0,0,0,1
700,281362131,1,0,1,0,0,0,1
701,872356831,1,0,1,0,0,0,1
702,1245085543,1,0,1,0,0,0,1
703,167978361,1,0,1,0,0,0,1
704,473515989,1,0,1,0,0,0,1
705,20919319,1,0,1,0,0,0,1
706,42565005,1,0,1,0,0,0,1
707,68999404,1,0,1,0,0,0,1
708,16885839,1,0,1,0,0,0,1
709,18500863,1,0,1,0,0,0,1
710,22585612,1,0,1,0,0,0,1
711,22736223,1,0,1,0,0,0,1
712,23465218,1,0,1,0,0,0,1
713,25046420,1,0,1,0,0,0,1
714,25433435,1,0,1,0,0,0,1
715,26348991,1,0,1,0,0,0,1
716,46832898,1,0,1,0,0,0,1
717,85162679,1,0,1,0,0,0,1
718,96807390,1,0,1,0,0,0,1
719,156516240,1,0,1,0,0,0,1
720,166685041,1,0,1,0,0,0,1
721,184265964,1,0,1,0,0,0,1
722,209431683,1,0,1,0,0,0,1
723,226437656,1,0,1,0,0,0,1
724,228605295,1,0,1,0,0,0,1
725,270939066,1,0,1,0,0,0,1
726,18056956,1,0,1,0,0,0,1
727,32049225,1,0,1,0,0,0,1
728,77908802,1,0,1,0,0,0,1
729,198270108,1,0,1,0,0,0,1
730,2735750371,1,0,1,0,0,0,1
731,98941731,1,0,1,0,0,0,1
732,165875135,1,0,1,0,0,0,1
733,158619022,1,0,1,0,0,0,1
734,44459715,1,0,1,0,0,0,1
735,40521591,1,0,1,0,0,0,1
736,385588406,1,0,1,0,0,0,1
737,24072539,1,0,1,0,0,0,1
738,253181329,1,0,1,0,0,0,1
739,203757670,1,0,1,0,0,0,1
740,15793803,1,0,1,0,0,0,1
741,368861198,1,0,1,0,0,0,1
742,243923037,1,0,1,0,0,0,1
743,266025151,1,0,1,0,0,0,1
744,271451728,1,0,1,0,0,0,1
745,280691204,1,0,1,0,0,0,1
746,162065727,1,0,1,0,0,0,1
747,1080483031,1,0,1,0,0,0,1
748,157191601,1,0,1,0,0,0,1
749,44150176,1,0,1,0,0,0,1
750,1589024544,1,0,1,0,0,0,1
751,15888142,1,0,1,0,0,0,1
752,17625560,1,0,1,0,0,0,1
753,245040253,1,0,1,0,0,0,1
754,20386541,1,0,1,0,0,0,1
755,344201134,1,0,1,0,0,0,1
756,59048820,1,0,1,0,0,0,1
757,319516767,1,0,1,0,0,0,1
758,16345202,1,0,1,0,0,0,1
759,34258758,1,0,1,0,0,0,1
760,525036883,1,0,1,0,0,0,1
761,1729592456,1,0,1,0,0,0,1
762,10026,1,0,1,0,0,0,1
763,198083650,1,0,1,0,0,0,1
764,48419177,1,0,1,0,0,0,1
765,35508577,1,0,1,0,0,0,1
766,3130401,1,0,1,0,0,0,1
767,512446262,1,0,1,0,0,0,1
768,244281877,1,0,1,0,0,0,1
769,19272960,1,0,1,0,0,0,1
770,187203550,1,0,1,0,0,0,1
771,152796689,1,0,1,0,0,0,1
772,568560611,1,0,1,0,0,0,1
773,821857015,1,0,1,0,0,0,1
774,629934678,1,0,1,0,0,0,1
775,9877422,1,0,1,0,0,0,1
776,14948778,1,0,1,0,0,0,1
777,18823090,1,0,1,0,0,0,1
778,25792679,1,0,1,0,0,0,1
779,20107048,1,0,1,0,0,0,1
780,138757720,1,0,1,0,0,0,1
781,149455862,1,0,1,0,0,0,1
782,69096213,1,0,1,0,0,0,1
783,252279787,1,0,1,0,0,0,1
784,305960727,1,0,1,0,0,0,1
785,331448152,1,0,1,0,0,0,1
786,184936820,1,0,1,0,0,0,1
787,1337541883,1,0,1,0,0,0,1
788,25036856,1,0,1,0,0,0,1
789,369238299,1,0,1,0,0,0,1
790,78622751,1,0,1,0,0,0,1
791,540998501,1,0,1,0,0,0,1
792,119772680,1,0,1,0,0,0,1
793,23041692,1,0,1,0,0,0,1
794,359434404,1,0,1,0,0,0,1
795,788430906,1,0,1,0,0,0,1
796,21927087,1,0,1,0,0,0,1
797,1301369346,1,0,1,0,0,0,1
798,20786515,1,0,1,0,0,0,1
799,60349138,1,0,1,0,0,0,1
800,788014981,1,0,1,0,0,0,1
801,256724692,1,0,1,0,0,0,1
802,197121022,1,0,1,0,0,0,1
803,32442115,1,0,1,0,0,0,1
804,350874344,1,0,1,0,0,0,1
805,147690193,1,0,1,0,0,0,1
806,272653506,1,0,1,0,0,0,1
807,119969355,1,0,1,0,0,0,1
808,146067222,1,0,1,0,0,0,1
809,183760110,1,0,1,0,0,0,1
810,122148953,1,0,1,0,0,0,1
811,67028445,1,0,1,0,0,0,1
812,276667512,1,0,1,0,0,0,1
813,607840139,1,0,1,0,0,0,1
814,593265996,1,0,1,0,0,0,1
815,337048974,1,0,1,0,0,0,1
816,101304777,1,0,1,0,0,0,1
817,1345382971,1,0,1,0,0,0,1
818,186712595,1,0,1,0,0,0,1
819,215747935,1,0,1,0,0,0,1
820,40539326,1,0,1,0,0,0,1
821,194986720,1,0,1,0,0,0,1
822,2546726233,1,0,1,0,0,0,1
823,22823953,1,0,1,0,0,0,1
824,30899515,1,0,1,0,0,0,1
825,342931381,1,0,1,0,0,0,1
826,27073309,1,0,1,0,0,0,1
827,317244516,1,0,1,0,0,0,1
828,245990678,1,0,1,0,0,0,1
829,139501923,1,0,1,0,0,0,1
830,229926432,1,0,1,0,0,0,1
831,40382529,1,0,1,0,0,0,1
832,759251,1,0,1,0,0,0,1
833,17502009,1,0,1,0,0,0,1
834,105160416,1,0,1,0,0,0,1
835,24955554,1,0,1,0,0,0,1
836,26257094,1,0,1,0,0,0,1
837,91187806,1,0,1,0,0,0,1
838,213774434,1,0,1,0,0,0,1
839,289512385,1,0,1,0,0,0,1
840,24703488,1,0,1,0,0,0,1
841,25717243,1,0,1,0,0,0,1
842,47264317,1,0,1,0,0,0,1
843,321970500,1,0,1,0,0,0,1
844,348474838,1,0,1,0,0,0,1
845,21075246,1,0,1,0,0,0,1
846,22672822,1,0,1,0,0,0,1
847,160982380,1,0,1,0,0,0,1
848,254509336,1,0,1,0,0,0,1
849,222645578,1,0,1,0,0,0,1
850,28874408,1,0,1,0,0,0,1
851,61734187,1,0,1,0,0,0,1
852,15377217,1,0,1,0,0,0,1
853,196092947,1,0,1,0,0,0,1
854,277759358,1,0,1,0,0,0,1
855,118544826,1,0,1,0,0,0,1
856,95431448,1,0,1,0,0,0,1
857,66580925,1,0,1,0,0,0,1
858,2730074561,1,0,1,0,0,0,1
859,37517769,1,0,1,0,0,0,1
860,286931949,1,0,1,0,0,0,1
861,313724897,1,0,1,0,0,0,1
862,181630503,1,0,1,0,0,0,1
863,61664470,1,0,1,0,0,0,1
864,32508937,1,0,1,0,0,0,1
865,341965139,1,0,1,0,0,0,1
866,52600931,1,0,1,0,0,0,1
867,1576677768,1,0,1,0,0,0,1
868,570232639,1,0,1,0,0,0,1
869,88250003,1,0,1,0,0,0,1
870,28201619,1,0,1,0,0,0,1
871,976354994,1,0,1,0,0,0,1
872,23236220,1,0,1,0,0,0,1
873,45979528,1,0,1,0,0,0,1
874,41083577,1,0,1,0,0,0,1
875,17474749,1,0,1,0,0,0,1
876,38570504,1,0,0,1,0,0,1
877,169799297,1,0,0,1,0,0,1
878,571138656,1,0,0,1,0,0,1
879,86560934,1,0,0,1,0,0,1
880,1604767680,1,0,0,1,0,0,1
881,55072675,1,0,0,1,0,0,1
882,21937199,1,0,0,1,0,0,1
883,105554538,1,0,0,1,0,0,1
884,1618826821,1,0,0,1,0,0,1
885,52272469,1,0,0,1,0,0,1
886,382332191,1,0,1,0,0,0,1
887,711819770,1,0,0,1,0,0,1
888,1578440934,1,0,0,1,0,0,1
889,34176258,1,0,0,1,0,0,1
890,209578397,1,0,0,1,0,0,1
891,236531159,1,0,0,1,0,0,1
892,81721187,1,0,0,1,0,0,1
893,123749190,1,0,0,1,0,0,1
894,2368091524,1,0,0,1,0,0,1
895,1918841366,1,0,0,1,0,0,1
896,2745236070,1,0,0,1,0,0,1
897,55043070,1,0,0,1,0,0,1
898,147869906,1,0,0,1,0,0,1
899,1015811881,1,0,0,1,0,0,1
900,850417728,1,0,0,1,0,0,1
901,478103012,1,0,0,1,0,0,1
902,2180772762,1,0,0,1,0,0,1
903,432179486,1,0,0,1,0,0,1
904,423826576,1,0,0,1,0,0,1
905,1086425292,1,0,0,1,0,0,1
906,1009367695,1,0,0,1,0,0,1
907,162195593,1,0,0,1,0,0,1
908,191563361,1,0,0,1,0,0,1
909,25651792,1,0,0,1,0,0,1
910,25058799,1,0,0,1,0,0,1
911,323866227,1,0,0,1,0,0,1
912,587104234,1,0,0,1,0,0,1
913,1921935475,1,0,0,1,0,0,1
914,1173359425,1,0,0,1,0,0,1
915,1538736091,1,0,0,1,0,0,1
916,24841101,1,0,0,1,0,0,1
917,62894829,1,0,0,1,0,0,1
918,207528533,1,0,0,1,0,0,1
919,156779155,1,0,0,1,0,0,1
920,20190311,1,0,0,1,0,0,1
921,893918228,1,0,0,1,0,0,1
922,41221076,1,0,0,1,0,0,1
923,122188014,1,0,0,1,0,0,1
924,2165740932,1,0,0,1,0,0,1
925,719437585,1,0,0,1,0,0,1
926,26531249,1,0,0,1,0,0,1
927,415235066,1,0,0,1,0,0,1
928,236522594,1,0,0,1,0,0,1
929,123723825,1,0,0,1,0,0,1
930,69492831,1,0,0,1,0,0,1
931,25324444,1,0,0,1,0,0,1
932,5319702,1,0,0,1,0,0,1
933,124584353,1,0,0,1,0,0,1
934,238810070,1,0,0,1,0,0,1
935,351882943,1,0,0,1,0,0,1
936,24759843,1,0,0,1,0,0,1
937,25460618,1,0,0,1,0,0,1
938,27558050,1,0,0,1,0,0,1
939,112236047,1,0,0,1,0,0,1
940,1321147820,1,0,0,1,0,0,1
941,458049033,1,0,0,1,0,0,1
942,435149656,1,0,0,1,0,0,1
943,19926084,1,0,0,1,0,0,1
944,44300484,1,0,0,1,0,0,1
945,54024146,1,0,0,1,0,0,1
946,1344941072,1,0,0,1,0,0,1
947,2359745871,1,0,0,1,0,0,1
948,104879291,1,0,0,1,0,0,1
949,92121533,1,0,0,1,0,0,1
950,2914536730,1,0,0,1,0,0,1
951,145794897,1,0,0,1,0,0,1
952,36199077,1,0,0,1,0,0,1
953,5695632,1,0,0,1,0,0,1
954,21330495,1,0,0,1,0,0,1
955,75296198,1,0,0,1,0,0,1
956,1523083159,1,0,0,1,0,0,1
957,159950297,1,0,0,1,0,0,1
958,30916495,1,0,0,1,0,0,1
959,939847994,1,0,0,1,0,0,1
960,319296746,1,0,0,1,0,0,1
961,83770881,1,0,1,0,0,0,1
962,30878083,1,0,1,0,0,0,1
963,121257012,1,0,1,0,0,0,1
964,30404264,1,0,1,0,0,0,1
965,32939851,1,0,1,0,0,0,1
966,68838777,1,0,1,0,0,0,1
967,92367751,1,0,1,0,0,0,1
968,32985158,1,0,1,0,0,0,1
969,44473103,1,0,1,0,0,0,1
970,90420314,1,0,1,0,0,0,1
971,87595338,1,0,1,0,0,0,1
972,19058681,1,0,1,0,0,0,1
973,135381307,1,0,1,0,0,0,1
974,16725189,1,0,1,0,0,0,1
975,18766019,1,0,1,0,0,0,1
976,20403910,1,0,1,0,0,0,1
977,6450322,1,0,1,0,0,0,1
978,30723561,1,0,1,0,0,0,1
979,33715387,1,0,1,0,0,0,1
980,13220962,1,0,1,0,0,0,1
981,125485136,1,0,1,0,0,0,1
982,14508983,1,0,1,0,0,0,1
983,102530547,1,0,1,0,0,0,1
984,18700629,1,0,1,0,0,0,1
985,73468685,1,0,1,0,0,0,1
986,29730065,1,0,1,0,0,0,1
987,47705326,1,0,1,0,0,0,1
988,37745844,1,0,1,0,0,0,1
989,16402507,1,0,1,0,0,0,1
990,17874544,1,0,1,0,0,0,1
991,38266343,1,0,1,0,0,0,1
992,32669445,1,0,1,0,0,0,1
993,30152160,1,0,1,0,0,0,1
994,72397365,1,0,1,0,0,0,1
995,21381547,1,0,1,0,0,0,1
996,52146523,1,0,1,0,0,0,1
997,56471970,1,0,1,0,0,0,1
998,32455544,1,0,1,0,0,0,1
999,21715659,1,0,1,0,0,0,1
1000,16192147,1,0,1,0,0,0,1
1001,66760289,1,0,1,0,0,0,1
1002,181288303,1,0,0,1,0,0,1
1003,23564532,1,0,0,1,0,0,1
1004,559101962,1,0,0,1,0,0,1
1005,2967079296,1,0,0,1,0,0,1
1006,494748564,1,0,0,1,0,0,1
1007,200556557,1,0,0,1,0,0,1
1008,2941032153,1,0,0,1,0,0,1
1009,357745717,1,0,0,1,0,0,1
1010,3102076189,1,0,0,1,0,0,1
1011,474603684,1,0,0,1,0,0,1
1012,173317108,1,0,0,1,0,0,1
1013,522206371,1,0,0,1,0,0,1
1014,23328853,1,0,0,1,0,0,1
1015,3051609886,1,0,0,1,0,0,1
1016,92670884,1,0,0,1,0,0,1
1017,395222224,1,0,0,1,0,0,1
1018,89086285,1,0,0,1,0,0,1
1019,19037057,1,0,0,1,0,0,1
1020,2437573549,1,0,0,1,0,0,1
1021,242041864,1,0,0,1,0,0,1
1022,83288630,1,0,0,1,0,0,1
1023,17398896,1,0,1,0,0,0,1
1024,163530567,1,0,0,1,0,0,1
1025,24995122,1,0,1,0,0,0,1
1026,49275788,1,0,1,0,0,0,1
1027,17447847,1,0,1,0,0,0,1
1028,7338652,1,0,1,0,0,0,1
1029,26035198,1,0,1,0,0,0,1
1030,14859913,1,0,1,0,0,0,1
1031,25199963,1,0,1,0,0,0,1
1032,19362341,1,0,1,0,0,0,1
1033,117220073,1,0,1,0,0,0,1
1034,15170087,1,0,1,0,0,0,1
1035,29912413,1,0,1,0,0,0,1
1036,20785116,1,0,1,0,0,0,1
1037,72843794,1,0,1,0,0,0,1
1038,80395488,1,0,1,0,0,0,1
1039,56223984,1,0,0,1,0,0,1
1040,20827334,1,0,0,1,0,0,1
1041,45266558,1,0,0,1,0,0,1
1042,111726083,1,0,0,1,0,0,1
1043,1381035560,1,0,0,1,0,0,1
1044,337827426,1,0,0,1,0,0,1
1045,104960703,1,0,0,1,0,0,1
1046,1155689569,1,0,0,1,0,0,1
1047,227153555,1,0,0,1,0,0,1
1048,31591353,1,0,0,1,0,0,1
1049,124002304,1,0,0,1,0,0,1
1050,20182972,1,0,0,1,0,0,1
1051,252898579,1,0,0,1,0,0,1
1052,32811895,1,0,0,1,0,0,1
1053,105597862,1,0,0,1,0,0,1
1054,216475070,1,0,0,1,0,0,1
1055,67237558,1,0,0,1,0,0,1
1056,526521929,1,0,0,1,0,0,1
1057,191583385,1,0,0,1,0,0,1
1058,236491356,1,0,0,1,0,0,1
1059,31480592,1,0,0,1,0,0,1
1060,89685397,1,0,0,1,0,0,1
1061,26757599,1,0,0,1,0,0,1
1062,1148880840,1,0,0,1,0,0,1
1063,792120068,1,0,0,1,0,0,1
1064,93802257,1,0,0,1,0,0,1
1065,464198460,1,0,0,1,0,0,1
1066,117229109,1,0,0,1,0,0,1
1067,23986837,1,0,0,1,0,0,1
1068,206842930,1,0,0,1,0,0,1
1069,275628283,1,0,0,1,0,0,1
1070,51595061,1,0,0,1,0,0,1
1071,158028837,1,0,0,1,0,0,1
1072,265651764,1,0,0,1,0,0,1
1073,404964589,1,0,0,1,0,0,1
1074,135621337,1,0,0,1,0,0,1
1075,20573752,1,0,0,1,0,0,1
1076,394068000,1,0,0,1,0,0,1
1077,242846323,1,0,0,1,0,0,1
1078,284504176,1,0,0,1,0,0,1
1079,1465178874,1,0,0,1,0,0,1
1080,41596905,1,0,0,1,0,0,1
1081,14701580,1,0,0,1,0,0,1
1082,361384805,1,0,0,1,0,0,1
1083,180663466,1,0,0,1,0,0,1
1084,540053944,1,0,0,1,0,0,1
1085,578165863,1,0,0,1,0,0,1
1086,63728342,1,0,0,1,0,0,1
1087,36408305,1,0,0,1,0,0,1
1088,18201114,1,0,0,1,0,0,1
1089,102508723,1,0,0,1,0,0,1
1090,7745002,1,0,0,1,0,0,1
1091,32432308,1,0,0,1,0,0,1
1092,847922100,1,0,0,1,0,0,1
1093,27677483,1,0,0,1,0,0,1
1094,39008044,1,0,0,1,0,0,1
1095,13049362,1,0,0,1,0,0,1
1096,14921141,1,0,0,1,0,0,1
1097,141666777,1,0,0,1,0,0,1
1098,256881576,1,0,0,1,0,0,1
1099,85633543,1,0,0,1,0,0,1
1100,340635228,1,0,0,1,0,0,1
1101,48177728,1,0,0,1,0,0,1
1102,460485003,1,0,0,1,0,0,1
1103,205302299,1,0,0,1,0,0,1
1104,27678749,1,0,0,1,0,0,1
1105,19916163,1,0,0,1,0,0,1
1106,14683599,1,0,0,1,0,0,1
1107,142665383,1,0,0,1,0,0,1
1108,26131483,1,0,0,1,0,0,1
1109,137126993,1,0,0,1,0,0,1
1110,29903518,1,0,0,1,0,0,1
1111,369084860,1,0,0,1,0,0,1
1112,8337462,1,0,0,1,0,0,1
1113,28461144,1,0,0,1,0,0,1
1114,30137079,1,0,0,1,0,0,1
1115,6356472,1,0,0,1,0,0,1
1116,17147539,1,0,0,1,0,0,1
1117,22566649,1,0,0,1,0,0,1
1118,81377724,1,0,0,1,0,0,1
1119,15172801,1,0,0,1,0,0,1
1120,1117765051,1,0,0,1,0,0,1
1121,53607285,1,0,0,1,0,0,1
1122,582173093,1,0,0,1,0,0,1
1123,15524002,1,0,0,1,0,0,1
1124,147556147,1,0,0,1,0,0,1
1125,444105096,1,0,0,1,0,0,1
1126,113063404,1,0,0,1,0,0,1
1127,117891096,1,0,0,1,0,0,1
1128,25155337,1,0,0,1,0,0,1
1129,15539695,1,0,0,1,0,0,1
1130,29481992,1,0,0,1,0,0,1
1131,37274279,1,0,0,1,0,0,1
1132,25912505,1,0,0,1,0,0,1
1133,22742042,1,0,0,1,0,0,1
1134,353063474,1,0,0,1,0,0,1
1135,427544885,1,0,0,1,0,0,1
1136,23582158,1,0,0,1,0,0,1
1137,27627797,1,0,0,1,0,0,1
1138,26241133,1,0,0,1,0,0,1
1139,118240432,1,0,0,1,0,0,1
1140,2322621372,1,0,0,1,0,0,1
1141,273137162,1,0,0,1,0,0,1
1142,2564163066,1,0,0,1,0,0,1
1143,27583198,1,0,0,1,0,0,1
1144,245912566,1,0,0,1,0,0,1
1145,361909827,1,0,0,1,0,0,1
1146,1252795872,1,0,0,1,0,0,1
1147,196849085,1,0,0,1,0,0,1
1148,46000561,1,0,0,1,0,0,1
1149,174259241,1,0,0,1,0,0,1
1150,21152813,1,0,0,1,0,0,1
1151,76151649,1,0,0,1,0,0,1
1152,15681752,1,0,0,1,0,0,1
1153,19802862,1,0,0,1,0,0,1
1154,50685259,1,0,0,1,0,0,1
1155,38727039,1,0,0,1,0,0,1
1156,70972963,1,0,0,1,0,0,1
1157,53816818,1,0,0,1,0,0,1
1158,59269652,1,0,0,1,0,0,1
1159,43391931,1,0,0,1,0,0,1
1160,1086130530,1,0,0,1,0,0,1
1161,273652172,1,0,0,1,0,0,1
1162,403473415,1,0,0,1,0,0,1
1163,21163375,1,0,0,1,0,0,1
1164,84101711,1,0,0,1,0,0,1
1165,257135248,1,0,0,1,0,0,1
1166,245429404,1,0,0,1,0,0,1
1167,187687890,1,0,0,1,0,0,1
1168,17190908,1,0,0,1,0,0,1
1169,409482826,1,0,0,1,0,0,1
1170,175038531,1,0,0,1,0,0,1
1171,46241729,1,0,0,1,0,0,1
1172,30799044,1,0,0,1,0,0,1
1173,236419065,1,0,0,1,0,0,1
1174,23467317,1,0,0,1,0,0,1
1175,31792066,1,0,0,1,0,0,1
1176,343023701,1,0,0,1,0,0,1
1177,110775353,1,0,0,1,0,0,1
1178,122473388,1,0,0,1,0,0,1
1179,20793816,1,0,0,1,0,0,1
1180,133865373,1,0,0,1,0,0,1
1181,46177695,1,0,0,1,0,0,1
1182,89084561,1,0,0,1,0,0,1
1183,17137891,1,0,0,1,0,0,1
1184,1665928934,1,0,0,1,0,0,1
1185,22161065,1,0,0,1,0,0,1
1186,259549486,1,0,0,1,0,0,1
1187,30485204,1,0,0,1,0,0,1
1188,108134092,1,0,0,1,0,0,1
1189,257181751,1,0,0,1,0,0,1
1190,25029107,1,0,0,1,0,0,1
1191,173176942,1,0,0,1,0,0,1
1192,102407096,1,0,0,1,0,0,1
1193,82267995,1,0,0,1,0,0,1
1194,119994943,1,0,0,1,0,0,1
1195,501121288,1,0,0,1,0,0,1
1196,2596608199,1,0,0,1,0,0,1
1197,216913273,1,0,0,1,0,0,1
1198,315798477,1,0,0,1,0,0,1
1199,44391317,1,0,0,1,0,0,1
1200,100808257,1,0,0,1,0,0,1
1201,20924394,1,0,0,1,0,0,1
1202,352494934,1,0,0,1,0,0,1
1203,80622387,1,0,0,1,0,0,1
1204,346610358,1,0,0,1,0,0,1
1205,24469862,1,0,0,1,0,0,1
1206,262285045,1,0,0,1,0,0,1
1207,15625978,1,0,0,1,0,0,1
1208,17473090,1,0,0,1,0,0,1
1209,159575941,1,0,0,1,0,0,1
1210,174603188,1,0,1,0,0,0,1
1211,14206711,1,0,1,0,0,0,1
1212,18420140,1,0,1,0,0,0,1
1213,226065914,1,0,1,0,0,0,1
1214,17503856,1,0,1,0,0,0,1
1215,15968674,1,0,1,0,0,0,1
1216,1382830050,1,0,1,0,0,0,1
1217,17710089,1,0,1,0,0,0,1
1218,73494322,1,0,1,0,0,0,1
1219,80483637,1,0,1,0,0,0,1
1220,19682418,1,0,1,0,0,0,1
1221,35085694,1,0,1,0,0,0,1
1222,96216108,1,0,1,0,0,0,1
1223,18362586,1,0,1,0,0,0,1
1224,301257840,1,0,1,0,0,0,1
1225,45453237,1,0,1,0,0,0,1
1226,711168290,1,0,1,0,0,0,1
1227,142391665,1,0,1,0,0,0,1
1228,376787654,1,0,1,0,0,0,1
1229,624002494,1,0,1,0,0,0,1
1230,24197313,1,0,1,0,0,0,1
1231,274569389,1,0,1,0,0,0,1
1232,16194054,1,0,1,0,0,0,1
1233,59180074,1,0,1,0,0,0,1
1234,24336435,1,0,1,0,0,0,1
1235,116642845,1,0,1,0,0,0,1
1236,778053768,1,0,1,0,0,0,1
1237,34262713,1,0,1,0,0,0,1
1238,1450470588,1,0,1,0,0,0,1
1239,874471034,1,0,1,0,0,0,1
1240,954775470,1,0,1,0,0,0,1
1241,107217315,1,0,1,0,0,0,1
1242,44202538,1,0,1,0,0,0,1
1243,1559632592,1,0,1,0,0,0,1
1244,1852178814,1,0,1,0,0,0,1
1245,546523923,1,0,1,0,0,0,1
1246,165086150,1,0,1,0,0,0,1
1247,499494637,1,0,1,0,0,0,1
1248,109303622,1,0,1,0,0,0,1
1249,305325383,1,0,1,0,0,0,1
1250,16788305,1,0,1,0,0,0,1
1251,31634255,1,0,1,0,0,0,1
1252,19940071,1,0,1,0,0,0,1
1253,68082652,1,0,1,0,0,0,1
1254,19576316,1,0,1,0,0,0,1
1255,279214616,1,0,1,0,0,0,1
1256,114315664,1,0,1,0,0,0,1
1257,7313042,1,0,1,0,0,0,1
1258,388386568,1,0,1,0,0,0,1
1259,39855450,1,0,1,0,0,0,1
1260,420538325,1,0,1,0,0,0,1
1261,69945722,1,0,1,0,0,0,1
1262,25321854,1,0,1,0,0,0,1
1263,80676273,1,0,1,0,0,0,1
1264,889044642,1,0,1,0,0,0,1
1265,386676851,1,0,1,0,0,0,1
1266,74750658,1,0,1,0,0,0,1
1267,16173089,1,0,1,0,0,0,1
1268,17002464,1,0,1,0,0,0,1
1269,248402075,1,0,1,0,0,0,1
1270,199151124,1,0,1,0,0,0,1
1271,122452666,1,0,1,0,0,0,1
1272,14802104,1,0,1,0,0,0,1
1273,897901974,1,0,1,0,0,0,1
1274,217247939,1,0,1,0,0,0,1
1275,36361155,1,0,1,0,0,0,1
1276,1198153970,1,0,1,0,0,0,1
1277,33237188,1,0,1,0,0,0,1
1278,25222497,1,0,1,0,0,0,1
1279,23514066,1,0,1,0,0,0,1
1280,370546984,1,0,1,0,0,0,1
1281,401761066,1,0,1,0,0,0,1
1282,322382184,1,0,1,0,0,0,1
1283,167541663,1,0,1,0,0,0,1
1284,259096053,1,0,1,0,0,0,1
1285,59339652,1,0,1,0,0,0,1
1286,19914747,1,0,1,0,0,0,1
1287,167815258,1,0,1,0,0,0,1
1288,23993912,1,0,1,0,0,0,1
1289,404490803,1,0,1,0,0,0,1
1290,250720143,1,0,1,0,0,0,1
1291,17519210,1,0,1,0,0,0,1
1292,506832009,1,0,1,0,0,0,1
1293,361356033,1,0,1,0,0,0,1
1294,403675801,1,0,1,0,0,0,1
1295,248659941,1,0,1,0,0,0,1
1296,102138821,1,0,1,0,0,0,1
1297,15993108,1,0,1,0,0,0,1
1298,20456010,1,0,1,0,0,0,1
1299,39802612,1,0,1,0,0,0,1
1300,618441842,1,0,1,0,0,0,1
1301,552799937,1,0,1,0,0,0,1
1302,24612854,1,0,1,0,0,0,1
1303,1192039530,1,0,1,0,0,0,1
1304,632824522,1,0,1,0,0,0,1
1305,18923057,1,0,1,0,0,0,1
1306,19825300,1,0,1,0,0,0,1
1307,24826667,1,0,1,0,0,0,1
1308,20859309,1,0,1,0,0,0,1
1309,12309882,1,0,1,0,0,0,1
1310,112881056,1,0,1,0,0,0,1
1311,21671541,1,0,1,0,0,0,1
1312,21247754,1,0,1,0,0,0,1
1313,24918207,1,0,1,0,0,0,1
1314,23978337,1,0,1,0,0,0,1
1315,451643412,1,0,1,0,0,0,1
1316,44632750,1,0,1,0,0,0,1
1317,36223996,1,0,1,0,0,0,1
1318,24159639,1,0,1,0,0,0,1
1319,468823008,1,0,1,0,0,0,1
1320,44640536,1,0,1,0,0,0,1
1321,265568934,1,0,1,0,0,0,1
1322,47188365,1,0,1,0,0,0,1
1323,87070315,1,0,1,0,0,0,1
1324,17674486,1,0,1,0,0,0,1
1325,401643632,1,0,1,0,0,0,1
1326,407377447,1,0,1,0,0,0,1
1327,34058754,1,0,1,0,0,0,1
1328,137490181,1,0,1,0,0,0,1
1329,330612123,1,0,1,0,0,0,1
1330,1161538152,1,0,1,0,0,0,1
1331,534870903,1,0,1,0,0,0,1
1332,33382688,1,0,1,0,0,0,1
1333,211877168,1,0,1,0,0,0,1
1334,958747616,1,0,1,0,0,0,1
1335,17277631,1,0,1,0,0,0,1
1336,307970065,1,0,1,0,0,0,1
1337,19017237,1,0,1,0,0,0,1
1338,392101319,1,0,1,0,0,0,1
1339,185042868,1,0,1,0,0,0,1
1340,806510390,1,0,1,0,0,0,1
1341,43018238,1,0,1,0,0,0,1
1342,1289127924,1,0,1,0,0,0,1
1343,968616505,1,0,1,0,0,0,1
1344,20322986,1,0,1,0,0,0,1
1345,205915163,1,0,1,0,0,0,1
1346,605946691,1,0,1,0,0,0,1
1347,18523795,1,0,1,0,0,0,1
1348,24830566,1,0,1,0,0,0,1
1349,419301720,1,0,1,0,0,0,1
1350,28910600,1,0,1,0,0,0,1
1351,199170948,1,0,1,0,0,0,1
1352,1342957242,1,0,1,0,0,0,1
1353,15411993,1,0,1,0,0,0,1
1354,5394372,1,0,1,0,0,0,1
1355,1206368030,1,0,1,0,0,0,1
1356,48202342,1,0,1,0,0,0,1
1357,506814264,1,0,1,0,0,0,1
1358,159300040,1,0,1,0,0,0,1
1359,1966232102,1,0,1,0,0,0,1
1360,15723576,1,0,1,0,0,0,1
1361,381292761,1,0,1,0,0,0,1
1362,200163448,1,0,1,0,0,0,1
1363,29403387,1,0,1,0,0,0,1
1364,75974281,1,0,1,0,0,0,1
1365,139823781,1,0,1,0,0,0,1
1366,46666106,1,0,1,0,0,0,1
1367,63073305,1,0,1,0,0,0,1
1368,267921844,1,0,1,0,0,0,1
1369,204688509,1,0,1,0,0,0,1
1370,74755679,1,0,1,0,0,0,1
1371,868907881,1,0,1,0,0,0,1
1372,128982577,1,0,1,0,0,0,1
1373,998482518,1,0,1,0,0,0,1
1374,39938584,1,0,1,0,0,0,1
1375,199058274,1,0,1,0,0,0,1
1376,27974275,1,0,1,0,0,0,1
1377,396854983,1,0,1,0,0,0,1
1378,278705041,1,0,1,0,0,0,1
1379,50747187,1,0,1,0,0,0,1
1380,41707160,1,0,1,0,0,0,1
1381,7532872,1,0,1,0,0,0,1
1382,82715305,1,0,1,0,0,0,1
1383,113962444,1,0,1,0,0,0,1
1384,791638,1,0,1,0,0,0,1
1385,171998025,1,0,1,0,0,0,1
1386,36412963,1,0,1,0,0,0,1
1387,12101862,1,0,1,0,0,0,1
1388,41356771,1,0,1,0,0,0,1
1389,197217163,1,0,1,0,0,0,1
1390,36648618,1,0,1,0,0,0,1
1391,214070994,1,0,1,0,0,0,1
1392,50671588,1,0,1,0,0,0,1
1393,223912052,1,0,1,0,0,0,1
1394,27902607,1,0,1,0,0,0,1
1395,195969409,1,0,1,0,0,0,1
1396,14679405,1,0,1,0,0,0,1
1397,10921932,1,0,1,0,0,0,1
1398,17850856,1,0,1,0,0,0,1
1399,181687105,1,0,1,0,0,0,1
1400,16664681,1,0,1,0,0,0,1
1401,15065781,1,0,1,0,0,0,1
1402,140206643,1,0,1,0,0,0,1
1403,123968568,1,0,1,0,0,0,1
1404,81028629,1,0,1,0,0,0,1
1405,22494592,1,0,1,0,0,0,1
1406,162437906,1,0,1,0,0,0,1
1407,211898852,1,0,1,0,0,0,1
1408,15349818,1,0,1,0,0,0,1
1409,17137628,1,0,1,0,0,0,1
1410,244445953,1,0,1,0,0,0,1
1411,251817559,1,0,1,0,0,0,1
1412,16896485,1,0,1,0,0,0,1
1413,91478624,1,0,1,0,0,0,1
1414,17004618,1,0,1,0,0,0,1
1415,18244358,1,0,1,0,0,0,1
1416,5166511,1,0,1,0,0,0,1
1417,36649466,1,0,1,0,0,0,1
1418,63008801,1,0,1,0,0,0,1
1419,209770428,1,0,1,0,0,0,1
1420,40903635,1,0,1,0,0,0,1
1421,31025972,1,0,1,0,0,0,1
1422,48090532,1,0,1,0,0,0,1
1423,70854066,1,0,1,0,0,0,1
1424,40017236,1,0,1,0,0,0,1
1425,148100348,1,0,1,0,0,0,1
1426,72681844,1,0,1,0,0,0,1
1427,54315479,1,0,1,0,0,0,1
1428,19976462,1,0,1,0,0,0,1
1429,19402238,1,0,1,0,0,0,1
1430,95200815,1,0,1,0,0,0,1
1431,21690720,1,0,1,0,0,0,1
1432,71067887,1,0,1,0,0,0,1
1433,172506675,1,0,1,0,0,0,1
1434,182999906,1,0,1,0,0,0,1
1435,22256645,1,0,1,0,0,0,1
1436,15723971,1,0,1,0,0,0,1
1437,621543,1,0,1,0,0,0,1
1438,1879831,1,0,1,0,0,0,1
1439,68181626,1,0,1,0,0,0,1
1440,26317231,1,0,1,0,0,0,1
1441,38694921,1,0,1,0,0,0,1
1442,13787402,1,0,1,0,0,0,1
1443,110206568,1,0,1,0,0,0,1
1444,19679769,1,0,1,0,0,0,1
1445,155858480,1,0,1,0,0,0,1
1446,16634606,1,0,1,0,0,0,1
1447,20162446,1,0,1,0,0,0,1
1448,189347245,1,0,1,0,0,0,1
1449,99943474,1,0,1,0,0,0,1
1450,178503162,1,0,1,0,0,0,1
1451,62389424,1,0,1,0,0,0,1
1452,193650683,1,0,1,0,0,0,1
1453,24785307,1,0,1,0,0,0,1
1454,69774288,1,0,1,0,0,0,1
1455,178826637,1,0,1,0,0,0,1
1456,68550519,1,0,1,0,0,0,1
1457,2467791,1,0,1,0,0,0,1
1458,57692078,1,0,1,0,0,0,1
1459,35864350,1,0,1,0,0,0,1
1460,15433693,1,0,1,0,0,0,1
1461,17219958,1,0,1,0,0,0,1
1462,119453246,1,0,1,0,0,0,1
1463,55650961,1,0,1,0,0,0,1
1464,112308741,1,0,1,0,0,0,1
1465,79238164,1,0,1,0,0,0,1
1466,103734037,1,0,1,0,0,0,1
1467,38542443,1,0,1,0,0,0,1
1468,21835273,1,0,1,0,0,0,1
1469,299989603,1,0,1,0,0,0,1
1470,469223400,1,0,1,0,0,0,1
1471,251686253,1,0,1,0,0,0,1
1472,398493002,1,0,1,0,0,0,1
1473,20732586,1,0,1,0,0,0,1
1474,289355222,1,0,1,0,0,0,1
1475,39880314,1,0,1,0,0,0,1
1476,57606334,1,0,1,0,0,0,1
1477,454214462,1,0,1,0,0,0,1
1478,126490232,1,0,1,0,0,0,1
1479,234534807,1,0,1,0,0,0,1
1480,11957512,1,0,1,0,0,0,1
1481,119795566,1,0,1,0,0,0,1
1482,228432756,1,0,1,0,0,0,1
1483,15383116,1,0,1,0,0,0,1
1484,20962674,1,0,1,0,0,0,1
1485,16161202,1,0,1,0,0,0,1
1486,118857505,1,0,1,0,0,0,1
1487,137761841,1,0,1,0,0,0,1
1488,76696541,1,0,1,0,0,0,1
1489,221305358,1,0,1,0,0,0,1
1490,271084558,1,0,1,0,0,0,1
1491,324295285,1,0,1,0,0,0,1
1492,147682384,1,0,1,0,0,0,1
1493,21098993,1,0,1,0,0,0,1
1494,120053992,1,0,1,0,0,0,1
1495,20965781,1,0,1,0,0,0,1
1496,177249094,1,0,1,0,0,0,1
1497,27685955,1,0,1,0,0,0,1
1498,70794696,1,0,1,0,0,0,1
1499,138843222,1,0,1,0,0,0,1
1500,14596318,1,0,1,0,0,0,1
1501,56849747,1,0,1,0,0,0,1
1502,189265534,1,0,1,0,0,0,1
1503,55431935,1,0,1,0,0,0,1
1504,252835084,1,0,1,0,0,0,1
1505,24282931,1,0,1,0,0,0,1
1506,212388190,1,0,1,0,0,0,1
1507,90543811,1,0,1,0,0,0,1
1508,41858699,1,0,1,0,0,0,1
1509,16528461,1,0,1,0,0,0,1
1510,34738643,1,0,1,0,0,0,1
1511,30752826,1,0,1,0,0,0,1
1512,105035362,1,0,1,0,0,0,1
1513,307980249,1,0,1,0,0,0,1
1514,19404311,1,0,1,0,0,0,1
1515,147544652,1,0,1,0,0,0,1
1516,184285209,1,0,1,0,0,0,1
1517,33920830,1,0,1,0,0,0,1
1518,79843330,1,0,1,0,0,0,1
1519,20923408,1,0,1,0,0,0,1
1520,321795598,1,0,1,0,0,0,1
1521,268905094,1,0,1,0,0,0,1
1522,60986197,1,0,1,0,0,0,1
1523,292761469,1,0,1,0,0,0,1
1524,107163055,1,0,1,0,0,0,1
1525,22489111,1,0,1,0,0,0,1
1526,242468630,1,0,1,0,0,0,1
1527,401790331,1,0,1,0,0,0,1
1528,22175927,1,0,1,0,0,0,1
1529,39713219,1,0,1,0,0,0,1
1530,52813110,1,0,1,0,0,0,1
1531,224488278,1,0,1,0,0,0,1
1532,34662313,1,0,1,0,0,0,1
1533,95682967,1,0,1,0,0,0,1
1534,279605942,1,0,1,0,0,0,1
1535,42784316,1,0,1,0,0,0,1
1536,15329395,1,0,1,0,0,0,1
1537,236488592,1,0,1,0,0,0,1
1538,19708968,1,0,1,0,0,0,1
1539,29555251,1,0,1,0,0,0,1
1540,97082147,1,0,1,0,0,0,1
1541,138787183,1,0,1,0,0,0,1
1542,65548276,1,0,1,0,0,0,1
1543,80681990,1,0,1,0,0,0,1
1544,20391658,1,0,1,0,0,0,1
1545,37688533,1,0,1,0,0,0,1
1546,55060452,1,0,1,0,0,0,1
1547,100266143,1,1,0,0,0,0,1
1548,24573340,1,0,1,0,0,0,1
1549,24793746,1,0,0,0,0,1,1
1550,118837693,1,0,0,0,0,1,1
1551,15664534,1,0,0,0,0,1,1
1552,1183433192,1,0,0,0,0,1,1
1553,323010850,1,0,0,0,0,1,1
1554,332276138,1,0,0,0,0,1,1
1555,193745675,1,0,0,0,0,1,1
1556,145890580,1,0,0,0,0,1,1
1557,1111092348,1,0,0,0,0,1,1
1558,1639528081,1,0,0,0,0,1,1
1559,343033007,1,0,0,0,0,1,1
1560,385824686,1,0,0,0,0,1,1
1561,20182623,1,0,0,0,0,1,1
1562,19390810,1,0,0,0,0,1,1
1563,114078049,1,0,0,0,0,1,1
1564,632761515,1,0,0,0,0,1,1
1565,62215136,1,0,0,0,0,1,1
1566,122061792,1,0,0,0,0,1,1
1567,262466238,1,0,0,0,0,1,1
1568,31585046,1,0,0,0,0,1,1
1569,76772103,1,0,0,0,0,1,1
1570,72860286,1,0,0,0,0,1,1
1571,295419835,1,0,0,0,0,1,1
1572,269801100,1,0,0,0,0,1,1
1573,166728719,1,0,0,0,0,1,1
1574,180537920,1,0,0,0,0,1,1
1575,53928682,1,0,0,0,0,1,1
1576,57436570,1,0,0,0,0,1,1
1577,30286900,1,0,0,0,0,1,1
1578,254294534,1,0,0,0,0,1,1
1579,24104090,1,0,0,0,0,1,1
1580,34963341,1,0,0,0,0,1,1
1581,54946726,1,0,0,0,0,1,1
1582,536810763,1,0,0,0,0,1,1
1583,82270639,1,0,0,0,0,1,1
1584,73167124,1,0,0,0,0,1,1
1585,410245098,1,0,0,0,0,1,1
1586,25560492,1,0,0,0,0,1,1
1587,18886770,1,0,0,0,0,1,1
1588,43762930,1,0,0,0,0,1,1
1589,110910734,1,0,0,0,0,1,1
1590,1743685044,1,0,0,0,0,1,1
1591,414825929,1,0,0,0,0,1,1
1592,2182901480,1,0,0,0,0,1,1
1593,1107810865,1,0,0,0,0,1,1
1594,1149021986,1,0,0,0,0,1,1
1595,291731552,1,0,0,0,0,1,1
1596,298115222,1,0,0,0,0,1,1
1597,267840363,1,0,0,0,0,1,1
1598,65398161,1,0,0,0,0,1,1
1599,57397586,1,0,0,0,0,1,1
1600,498139651,1,0,0,0,0,1,1
1601,29208169,1,0,0,0,0,1,1
1602,837216061,1,0,0,0,0,1,1
1603,97545677,1,0,0,0,0,1,1
1604,1539318475,1,0,0,0,0,1,1
1605,36359397,1,0,0,0,0,1,1
1606,67930538,1,0,0,0,0,1,1
1607,241546412,1,0,0,0,0,1,1
1608,18439644,1,0,0,0,0,1,1
1609,1183316539,1,0,0,0,0,1,1
1610,322972312,1,0,0,0,0,1,1
1611,301979213,1,0,0,0,0,1,1
1612,163800898,1,0,0,0,0,1,1
1613,563879157,1,0,0,0,0,1,1
1614,100979354,1,0,0,0,0,1,1
1615,15943938,1,0,0,0,0,1,1
1616,2257019875,1,0,0,0,0,1,1
1617,68585923,1,0,0,0,0,1,1
1618,636732567,1,0,0,0,0,1,1
1619,432075843,1,0,0,0,0,1,1
1620,34278941,1,0,0,0,0,1,1
1621,16543319,1,0,0,0,0,1,1
1622,94118993,1,0,0,0,0,1,1
1623,589320383,1,0,0,0,0,1,1
1624,283248725,1,0,0,0,0,1,1
1625,163859757,1,0,0,0,0,1,1
1626,42945509,1,0,0,0,0,1,1
1627,1451828030,1,0,0,0,0,1,1
1628,472132412,1,0,0,0,0,1,1
1629,16460346,1,0,0,0,0,1,1
1630,603586304,1,0,0,0,0,1,1
1631,483460761,1,0,0,0,0,1,1
1632,1397450616,1,0,0,0,0,1,1
1633,75025032,1,0,0,0,0,1,1
1634,965202421,1,0,0,0,0,1,1
1635,74524165,1,0,0,0,0,1,1
1636,38901152,1,0,0,0,0,1,1
1637,21854341,1,0,0,0,0,1,1
1638,98727399,1,0,0,0,0,1,1
1639,2147624599,1,0,0,0,0,1,1
1640,84086116,1,0,0,0,0,1,1
1641,50748137,1,0,0,0,0,1,1
1642,702621073,1,0,0,0,0,1,1
1643,111410087,1,0,0,0,0,1,1
1644,25101996,1,0,0,0,0,1,1
1645,163488636,1,0,0,0,0,1,1
1646,22680819,1,0,0,0,0,1,1
1647,8751152,1,0,0,0,0,1,1
1648,761764250,1,0,0,0,0,1,1
1649,2564010186,1,0,0,0,0,1,1
1650,143685489,1,0,0,0,0,1,1
1651,167556923,1,0,0,0,0,1,1
1652,500389180,1,0,0,0,0,1,1
1653,1324174315,1,0,0,0,0,1,1
1654,88854017,1,0,0,0,0,1,1
1655,1096492524,1,0,0,0,0,1,1
1656,32780127,1,0,0,0,0,1,1
1657,1558686350,1,0,0,0,0,1,1
1658,21214058,1,0,0,0,0,1,1
1659,2415069986,1,0,0,0,0,1,1
1660,1417050487,1,0,0,0,0,1,1
1661,91390383,1,0,0,0,0,1,1
1662,380503734,1,0,0,0,0,1,1
1663,17600139,1,0,0,0,0,1,1
1664,1084065794,1,0,0,0,0,1,1
1665,544958193,1,0,0,0,0,1,1
1666,1514304218,1,0,0,0,0,1,1
1667,783869731,1,0,0,0,0,1,1
1668,2251991755,1,0,0,0,0,1,1
1669,123360148,1,0,0,0,0,1,1
1670,1898334019,1,0,0,0,0,1,1
1671,75729762,1,0,0,0,0,1,1
1672,43927214,1,0,0,0,0,1,1
1673,115108916,1,0,0,0,0,1,1
1674,19778551,1,0,0,0,0,1,1
1675,336947737,1,0,0,0,0,1,1
1676,25907069,1,0,0,0,0,1,1
1677,18950761,1,0,0,0,0,1,1
1678,38765669,1,0,0,0,0,1,1
1679,373734842,1,0,0,0,0,1,1
1680,222538496,1,0,0,0,0,1,1
1681,382642628,1,0,0,0,0,1,1
1682,414966269,1,0,0,0,0,1,1
1683,399852221,1,0,0,0,0,1,1
1684,1231818618,1,0,0,0,0,1,1
1685,28983281,1,0,0,0,0,1,1
1686,19127658,1,0,0,0,0,1,1
1687,145672444,1,0,0,0,0,1,1
1688,109103306,1,0,0,0,0,1,1
1689,155623492,1,0,0,0,0,1,1
1690,171387824,1,0,0,0,0,1,1
1691,13385242,1,0,0,0,0,1,1
1692,243891350,1,0,0,0,0,1,1
1693,39656321,1,0,0,0,0,1,1
1694,47713404,1,0,0,0,0,1,1
1695,48482419,1,0,0,0,0,1,1
1696,2396786166,1,0,0,0,0,1,1
1697,99602691,1,0,0,0,0,1,1
1698,170019282,1,0,0,0,0,1,1
1699,42735645,1,0,0,0,0,1,1
1700,293035610,1,0,0,0,0,1,1
1701,17188950,1,0,0,0,0,1,1
1702,913135488,1,0,0,0,0,1,1
1703,96610271,1,0,0,0,0,1,1
1704,316511039,1,0,0,0,0,1,1
1705,21982720,1,0,0,0,0,1,1
1706,8296142,1,0,0,0,0,1,1
1707,304619159,1,0,0,0,0,1,1
1708,918805988,1,0,0,0,0,1,1
1709,86605769,1,0,0,0,0,1,1
1710,57668051,1,0,0,0,0,1,1
1711,618617918,1,0,0,0,0,1,1
1712,254178196,1,0,0,0,0,1,1
1713,447320219,1,0,0,0,0,1,1
1714,461914627,1,0,0,0,0,1,1
1715,21828264,1,0,0,0,0,1,1
1716,42644798,1,0,0,0,0,1,1
1717,16271952,1,0,0,0,0,1,1
1718,127558168,1,0,0,0,0,1,1
1719,96121584,1,0,0,0,0,1,1
1720,29847694,1,0,0,0,0,1,1
1721,94368405,1,0,0,0,0,1,1
1722,313567290,1,0,0,0,0,1,1
1723,18170896,1,0,0,0,0,1,1
1724,17393790,1,0,0,0,0,1,1
1725,1397290376,1,0,0,0,0,1,1
1726,1398682046,1,0,0,0,0,1,1
1727,28234840,1,0,0,0,0,1,1
1728,801019010,1,0,0,0,0,1,1
1729,418535498,1,0,0,0,0,1,1
1730,85340853,1,0,0,0,0,1,1
1731,161002407,1,0,0,0,0,1,1
1732,532986821,1,0,0,0,0,1,1
1733,394114194,1,0,0,0,0,1,1
1734,979590379,1,0,0,0,0,1,1
1735,905272134,1,0,0,0,0,1,1
1736,718644372,1,0,0,0,0,1,1
1737,620351481,1,0,0,0,0,1,1
1738,540203057,1,0,0,0,0,1,1
1739,46196914,1,0,0,0,0,1,1
1740,388352483,1,0,0,0,0,1,1
1741,179533056,1,0,0,0,0,1,1
1742,6777802,1,0,0,0,0,1,1
1743,1295258070,1,0,0,0,0,1,1
1744,1002922891,1,0,0,0,0,1,1
1745,326953453,1,0,0,0,0,1,1
1746,1202414593,1,0,0,0,0,1,1
1747,16873604,1,0,0,0,0,1,1
1748,629746195,1,0,0,0,0,1,1
1749,609480537,1,0,0,0,0,1,1
1750,533264165,1,0,0,0,0,1,1
1751,126745147,1,0,0,0,0,1,1
1752,26584011,1,0,0,0,0,1,1
1753,1278558571,1,0,0,0,0,1,1
1754,558328316,1,0,0,0,0,1,1
1755,1098623660,1,0,0,0,0,1,1
1756,620250677,1,0,0,0,0,1,1
1757,32780302,1,0,0,0,0,1,1
1758,282173744,1,0,0,0,0,1,1
1759,132725249,1,0,0,0,0,1,1
1760,1206769872,1,0,0,0,0,1,1
1761,281312129,1,0,0,0,0,1,1
1762,118793986,1,0,0,0,0,1,1
1763,120144128,1,0,0,0,0,1,1
1764,16817431,1,0,0,0,0,1,1
1765,565592535,1,0,0,0,0,1,1
1766,493536601,1,0,0,0,0,1,1
1767,257169572,1,0,0,0,0,1,1
1768,80994679,1,0,0,0,0,1,1
1769,23384102,1,0,0,0,0,1,1
1770,264327853,1,0,0,0,0,1,1
1771,567496591,1,0,0,0,0,1,1
1772,289915985,1,0,0,0,0,1,1
1773,221885673,1,0,0,0,0,1,1
1774,218704328,1,0,0,0,0,1,1
1775,550329553,1,0,0,0,0,1,1
1776,84721427,1,0,0,0,0,1,1
1777,38665016,1,0,0,0,0,1,1
1778,62854492,1,0,0,0,0,1,1
1779,1394734693,1,0,0,0,0,1,1
1780,27256779,1,0,0,0,0,1,1
1781,83002445,1,0,0,0,0,1,1
1782,15911863,1,0,0,0,0,1,1
1783,509498248,1,0,0,0,0,1,1
1784,37480490,1,0,0,0,0,1,1
1785,50523958,1,0,0,0,0,1,1
1786,24922896,1,0,0,0,0,1,1
1787,38725883,1,0,0,0,0,1,1
1788,1288998451,1,0,0,0,0,1,1
1789,1314375739,1,0,0,0,0,1,1
1790,309940093,1,0,0,0,0,1,1
1791,17194090,1,0,0,0,0,1,1
1792,1226024786,1,0,0,0,0,1,1
1793,30921522,1,0,0,0,0,1,1
1794,40889695,1,0,0,0,0,1,1
1795,59259902,1,0,0,0,0,1,1
1796,18753227,1,0,0,0,0,1,1
1797,52070270,1,0,0,0,0,1,1
1798,14592723,1,0,0,0,0,1,1
1799,41456486,1,0,0,0,0,1,1
1800,870513294,1,0,0,0,0,1,1
1801,56872651,1,0,0,0,0,1,1
1802,109032189,1,0,0,0,0,1,1
1803,25752518,1,0,0,0,0,1,1
1804,279443655,1,0,0,0,0,1,1
1805,454443425,1,0,0,0,0,1,1
1806,23910540,1,0,0,0,0,1,1
1807,1394747774,1,0,0,0,0,1,1
1808,37732936,1,0,0,0,0,1,1
1809,461887826,1,0,0,0,0,1,1
1810,24065061,1,0,0,0,0,1,1
1811,112447717,1,0,0,0,0,1,1
1812,18618770,1,0,0,0,0,1,1
1813,19272733,1,0,0,0,0,1,1
1814,20472826,1,0,0,0,0,1,1
1815,49777237,1,0,0,0,0,1,1
1816,314341271,1,0,0,0,0,1,1
1817,1435052310,1,0,0,0,0,1,1
1818,312273548,1,0,0,0,0,1,1
1819,130094492,1,0,0,0,0,1,1
1820,1104435174,1,0,0,0,0,1,1
1821,23229765,1,0,0,0,0,1,1
1822,21197964,1,0,0,0,0,1,1
1823,33521744,1,0,0,0,0,1,1
1824,28347963,1,0,0,0,0,1,1
1825,19712293,1,0,0,0,0,1,1
1826,81144172,1,0,0,0,0,1,1
1827,24824320,1,0,0,0,0,1,1
1828,16280566,1,0,0,0,0,1,1
1829,14420911,1,0,0,0,0,1,1
1830,14652402,1,0,0,0,0,1,1
1831,6429252,1,0,0,0,0,1,1
1832,18478452,1,0,0,0,0,1,1
1833,170039453,1,0,0,0,0,1,1
1834,22693812,1,0,0,0,0,1,1
1835,18027434,1,0,0,0,0,1,1
1836,25393674,1,0,0,0,0,1,1
1837,23631835,1,0,0,0,0,1,1
1838,21548991,1,0,0,0,0,1,1
1839,223190845,1,0,0,0,0,1,1
1840,83426690,1,0,0,0,0,1,1
1841,773904895,1,0,0,0,0,1,1
1842,1092862051,1,0,0,0,0,1,1
1843,26675743,1,0,0,0,0,1,1
1844,38607135,1,0,0,0,0,1,1
1845,202180472,1,0,0,0,0,1,1
1846,28777855,1,0,0,0,0,1,1
1847,25922024,1,0,0,0,0,1,1
1848,26077026,1,0,0,0,0,1,1
1849,63352326,1,0,0,0,0,1,1
1850,19495630,1,0,0,0,0,1,1
1851,563874887,1,0,0,0,0,1,1
1852,15551390,1,0,0,0,0,1,1
1853,326366686,1,0,0,0,0,1,1
1854,1365682176,1,0,0,0,0,1,1
1855,510072923,1,0,0,0,0,1,1
1856,34155255,1,0,0,0,0,1,1
1857,22179997,1,0,0,0,0,1,1
1858,78584101,1,0,1,0,0,0,1
1859,46645122,1,0,0,0,0,1,1
1860,2842633012,1,0,0,0,0,1,1
1861,45584855,1,0,0,0,0,1,1
1862,2344130406,1,0,0,0,0,1,1
1863,900864182,1,0,0,0,0,1,1
1864,789515677,1,0,0,0,0,1,1
1865,83471035,1,0,0,0,0,1,1
1866,36674354,1,0,0,0,0,1,1
1867,1546623242,1,0,0,0,0,1,1
1868,21911135,1,0,0,0,0,1,1
1869,215337018,1,0,0,0,0,1,1
1870,2450445754,1,0,0,0,0,1,1
1871,2203306964,1,0,0,0,0,1,1
1872,2350404416,1,0,0,0,0,1,1
1873,83894570,1,0,0,0,0,1,1
1874,193749343,1,0,0,0,0,1,1
1875,128648583,1,0,0,0,0,1,1
1876,184843102,1,0,0,0,0,1,1
1877,64924785,1,0,0,0,0,1,1
1878,2459873150,1,0,0,0,0,1,1
1879,2871236755,1,0,0,0,0,1,1
1880,4075324033,1,0,0,0,0,1,1
1881,3297976440,1,0,0,0,0,1,1
1882,3015939277,1,0,0,0,0,1,1
1883,63478371,1,0,0,0,0,1,1
1884,717783331874557953,1,0,0,0,0,1,1
1885,19353534,1,0,0,0,0,1,1
1886,2590668308,1,0,0,0,0,1,1
1887,93612999,1,0,0,0,0,1,1
1888,539137517,1,0,0,0,0,1,1
1889,3255980779,1,0,0,0,0,1,1
1890,340989234,1,0,0,0,0,1,1
1891,583308132,1,0,0,0,0,1,1
1892,1905636216,1,0,0,0,0,1,1
1893,110238445,1,0,0,0,0,1,1
1894,296504558,1,0,0,0,0,1,1
1895,2291463354,1,0,0,0,0,1,1
1896,1001837635,1,0,0,0,0,1,1
1897,2792851640,1,0,0,0,0,1,1
1898,110596261,1,0,0,0,0,1,1
1899,3430468042,1,0,0,0,0,1,1
1900,35048635,1,0,0,0,0,1,1
1901,95690434,1,0,0,0,0,1,1
1902,415816006,1,0,0,0,0,1,1
1903,279144772,1,0,0,0,0,1,1
1904,1173259064,1,0,0,0,0,1,1
1905,346170334,1,0,0,0,0,1,1
1906,259096756,1,0,0,0,0,1,1
1907,2274831486,1,0,0,0,0,1,1
1908,438371973,1,0,0,0,0,1,1
1909,3309858846,1,0,0,0,0,1,1
1910,1221967784,1,0,0,0,0,1,1
1911,606179991,1,0,0,0,0,1,1
1912,34639761,1,0,0,0,0,1,1
1913,179678585,1,0,0,0,0,1,1
1914,355678344,1,0,0,0,0,1,1
1915,2315834142,1,0,0,0,0,1,1
1916,78078753,1,0,0,0,0,1,1
1917,3278655905,1,0,0,0,0,1,1
1918,1362859008,1,0,0,0,0,1,1
1919,366611593,1,0,0,0,0,1,1
1920,566595364,1,0,0,0,0,1,1
1921,2364570811,1,0,0,0,0,1,1
1922,51648004,1,0,0,0,0,1,1
1923,32216509,1,0,0,0,0,1,1
1924,16385353,1,0,0,0,0,1,1
1925,63463261,1,0,0,0,0,1,1
1926,357023931,1,0,0,0,0,1,1
1927,3524904616,1,0,0,0,0,1,1
1928,2161487438,1,0,0,0,0,1,1
1929,278452761,1,0,0,0,0,1,1
1930,1128163856,1,0,0,0,0,1,1
1931,36844252,1,0,0,0,0,1,1
1932,386042607,1,0,0,0,0,1,1
1933,219696719,1,0,0,0,0,1,1
1934,19038142,1,0,0,0,0,1,1
1935,29907453,1,0,0,0,0,1,1
1936,895330716,1,0,0,0,0,1,1
1937,348844674,1,0,0,0,0,1,1
1938,1184266170,1,0,0,0,0,1,1
1939,132285842,1,0,0,0,0,1,1
1940,2329843339,1,0,0,0,0,1,1
1941,30155753,1,0,0,0,0,1,1
1942,67113127,1,0,0,0,0,1,1
1943,33550291,1,0,0,0,0,1,1
1944,1068693894,1,0,0,0,0,1,1
1945,40746074,1,0,0,0,0,1,1
1946,2305563991,1,0,0,0,0,1,1
1947,394339171,1,0,0,0,0,1,1
1948,21121282,1,0,0,0,0,1,1
1949,16305330,1,0,0,0,0,1,1
1950,381476247,1,0,0,0,0,1,1
1951,100766356,1,0,0,0,0,1,1
1952,29520332,1,0,0,0,0,1,1
1953,16869585,1,0,0,0,0,1,1
1954,27260086,1,0,0,0,0,1,1
1955,79293791,1,0,0,0,0,1,1
1956,268414482,1,0,0,0,0,1,1
1957,16409683,1,0,0,0,0,1,1
1958,2978105475,1,0,0,0,0,1,1
1959,3082314479,1,0,0,0,0,1,1
1960,1185205160689176578,1,0,0,0,0,1,1
1961,1707881005,1,0,0,0,0,1,1
1962,875127230913015808,1,0,0,0,0,1,1
1963,36980856,1,0,0,0,0,1,1
1964,35828536,1,0,0,0,0,1,1
1965,2892239854,1,0,0,0,0,1,1
1966,2497073958,1,0,0,0,0,1,1
1967,15864446,1,0,0,0,0,1,1
1968,16299627,1,0,0,0,0,1,1
1969,1017338078,1,0,0,0,0,1,1
1970,104288093,1,0,0,0,0,1,1
1971,104249727,1,0,0,0,0,1,1
1972,56783491,1,0,0,0,0,1,1
1973,64586891,1,0,0,0,0,1,1
1974,22527190,1,0,0,0,0,1,1
1975,189226864,1,0,0,0,0,1,1
1976,400888035,1,0,0,0,0,1,1
1977,107459770,1,0,0,0,0,1,1
1978,408184099,1,0,0,0,0,1,1
1979,43883021,1,0,0,0,0,1,1
1980,705759218561843200,1,0,0,0,0,1,1
1981,29248042,1,0,0,0,0,1,1
1982,888896772,1,0,0,0,0,1,1
1983,127613700,1,0,0,0,0,1,1
1984,32670991,1,0,0,0,0,1,1
1985,932326261,1,0,0,0,0,1,1
1986,17547512,1,0,0,0,0,1,1
1987,21571540,1,0,0,0,0,1,1
1988,17091893,1,0,0,0,0,1,1
1989,3072842765,1,0,0,0,0,1,1
1990,90738840,1,0,0,0,0,1,1
1991,253865797,1,0,0,0,0,1,1
1992,202017570,1,0,0,0,0,1,1
1993,62879751,1,0,0,0,0,1,1
1994,18770961,1,0,0,0,0,1,1
1995,16715398,1,0,0,0,0,1,1
1996,4060389863,1,0,0,0,0,1,1
1997,33923443,1,0,0,0,0,1,1
1998,157920406,1,0,0,0,0,1,1
1999,384982986,1,0,0,0,0,1,1
2000,2244423949,1,0,0,0,0,1,1
2001,82017377,1,0,0,0,0,1,1
2002,17199337,1,0,0,0,0,1,1
2003,164787325,1,0,0,0,0,1,1
2004,538585725,1,0,0,0,0,1,1
2005,96611163,1,0,0,0,0,1,1
2006,1137498138,1,0,0,0,0,1,1
2007,60961498,1,0,0,0,0,1,1
2008,15825165,1,0,0,0,0,1,1
2009,731104273925328896,1,0,0,0,0,1,1
2010,105944868,1,0,0,0,0,1,1
2011,56543753,1,0,0,0,0,1,1
2012,309985031,1,0,0,0,0,1,1
2013,68505845,1,0,0,0,0,1,1
2014,74789677,1,0,0,0,0,1,1
2015,151213841,1,0,0,0,0,1,1
2016,41288457,1,0,0,0,0,1,1
2017,3246330254,1,0,0,0,0,1,1
2018,25948016,1,0,0,0,0,1,1
2019,66826517,1,0,0,0,0,1,1
2020,29709085,1,0,0,0,0,1,1
2021,21366671,1,0,0,0,0,1,1
2022,75478054,1,0,0,0,0,1,1
2023,17593283,1,0,0,0,0,1,1
2024,14739201,1,0,0,0,0,1,1
2025,2218422884,1,0,0,0,0,1,1
2026,1491432870,1,0,0,0,0,1,1
2027,2359442340,1,0,0,0,0,1,1
2028,76983285,1,0,0,0,0,1,1
2029,865292856,1,0,0,0,0,1,1
2030,2904349024,1,0,0,0,0,1,1
2031,755411730,1,0,0,0,0,1,1
2032,45230722,1,0,0,0,0,1,1
2033,594923847,1,0,0,0,0,1,1
2034,32527480,1,0,0,0,0,1,1
2035,948185857,1,0,0,0,0,1,1
2036,288287947,1,0,0,0,0,1,1
2037,573958684,1,0,0,0,0,1,1
2038,78678884,1,0,0,0,0,1,1
2039,151212611,1,0,0,0,0,1,1
2040,239519744,1,0,0,0,0,1,1
2041,112055311,1,0,0,0,0,1,1
2042,214458004,1,0,0,0,0,1,1
2043,229489663,1,0,0,0,0,1,1
2044,3078249960,1,0,0,0,0,1,1
2045,192993296,1,0,0,0,0,1,1
2046,207600917,1,0,0,0,0,1,1
2047,111205920,1,0,0,0,0,1,1
2048,176075210,1,0,0,0,0,1,1
2049,121523977,1,0,0,0,0,1,1
2050,1072072568,1,0,0,0,0,1,1
2051,18296893,1,0,0,0,0,1,1
2052,123133590,1,0,0,0,0,1,1
2053,125339458,1,0,0,0,0,1,1
2054,3303293865,1,0,0,0,0,1,1
2055,408686543,1,0,0,0,0,1,1
2056,1681358466,1,0,0,0,0,1,1
2057,119459137,1,0,0,0,0,1,1
2058,284602545,1,0,0,0,0,1,1
2059,105018139,1,0,0,0,0,1,1
2060,33629199,1,0,0,0,0,1,1
2061,37004574,1,0,0,0,0,1,1
2062,39341159,1,0,0,0,0,1,1
2063,2961571262,1,0,0,0,0,1,1
2064,160642572,1,0,0,0,0,1,1
2065,484890937,1,0,0,0,0,1,1
2066,281065664,1,0,0,0,0,1,1
2067,272200360,1,0,0,0,0,1,1
2068,247143438,1,0,0,0,0,1,1
2069,379785778,1,0,0,0,0,1,1
2070,382748551,1,0,0,0,0,1,1
2071,399178726,1,0,0,0,0,1,1
2072,66790664,1,0,0,0,0,1,1
2073,375845140,1,0,0,0,0,1,1
2074,17964209,1,0,0,0,0,1,1
2075,71460813,1,0,0,0,0,1,1
2076,20404303,1,0,0,0,0,1,1
2077,398588337,1,0,0,0,0,1,1
2078,44275508,1,0,0,0,0,1,1
2079,73287091,1,0,0,0,0,1,1
2080,2822218232,1,0,0,0,0,1,1
2081,378612339,1,0,0,0,0,1,1
2082,726906661,1,0,0,0,0,1,1
2083,128584148,1,0,0,0,0,1,1
2084,2881547392,1,0,0,0,0,1,1
2085,249728673,1,0,0,0,0,1,1
2086,299722738,1,0,0,0,0,1,1
2087,2198458504,1,0,0,0,0,1,1
2088,954356449,1,0,0,0,0,1,1
2089,239339937,1,0,0,0,0,1,1
2090,631244058,1,0,0,0,0,1,1
2091,181968725,1,0,0,0,0,1,1
2092,73475388,1,0,0,0,0,1,1
2093,94214163,1,0,0,0,0,1,1
2094,74520703,1,0,0,0,0,1,1
2095,22232334,1,0,0,0,0,1,1
2096,25566933,1,0,0,0,0,1,1
2097,2731641615,1,0,0,0,0,1,1
2098,30700058,1,0,0,0,0,1,1
2099,33929775,1,0,0,0,0,1,1
2100,37320030,1,0,0,0,0,1,1
2101,394027934,1,0,0,0,0,1,1
2102,2730014341,1,0,0,0,0,1,1
2103,302133792,1,0,0,0,0,1,1
2104,46237716,1,0,0,0,0,1,1
2105,137504240,1,0,0,0,0,1,1
2106,22520148,1,0,0,0,0,1,1
2107,2247560730,1,0,0,0,0,1,1
2108,785240803,1,0,0,0,0,1,1
2109,29264966,1,0,0,0,0,1,1
2110,2389080458,1,0,0,0,0,1,1
2111,980537665,1,0,0,0,0,1,1
2112,38183646,1,0,0,0,0,1,1
2113,212701541,1,0,0,0,0,1,1
2114,291347591,1,0,0,0,0,1,1
2115,262387979,1,0,0,0,0,1,1
2116,1479815893,1,0,0,0,0,1,1
2117,1121813450,1,0,0,0,0,1,1
2118,425403793,1,0,0,0,0,1,1
2119,24828532,1,0,0,0,0,1,1
2120,93722616,1,0,0,0,0,1,1
2121,135188957,1,0,0,0,0,1,1
2122,278741336,1,0,0,0,0,1,1
2123,995330274,1,0,0,0,0,1,1
2124,61323672,1,0,0,0,0,1,1
2125,55363735,1,0,0,0,0,1,1
2126,27869843,1,0,0,0,0,1,1
2127,46628550,1,0,0,0,0,1,1
2128,514646075,1,0,0,0,0,1,1
2129,3615801861,1,0,0,0,0,1,1
2130,398922835,1,0,0,0,0,1,1
2131,150595048,1,0,0,0,0,1,1
2132,141223577,1,0,0,0,0,1,1
2133,748192471,1,0,0,0,0,1,1
2134,2527863620,1,0,0,0,0,1,1
2135,277091798,1,0,0,0,0,1,1
2136,68426618,1,0,0,0,0,1,1
2137,330484673,1,0,0,0,0,1,1
2138,184924366,1,0,0,0,0,1,1
2139,3053701184,1,0,0,0,0,1,1
2140,143932937,1,0,0,0,0,1,1
2141,17995885,1,0,0,0,0,1,1
2142,415698157,1,0,0,0,0,1,1
2143,545708251,1,0,0,0,0,1,1
2144,133768023,1,0,0,0,0,1,1
2145,337565108,1,0,0,0,0,1,1
2146,574106919,1,0,0,0,0,1,1
2147,366802638,1,0,0,0,0,1,1
2148,124523575,1,0,0,0,0,1,1
2149,38884515,1,0,0,0,0,1,1
2150,15816146,1,0,0,0,0,1,1
2151,23253765,1,0,0,0,0,1,1
2152,339233540,1,0,0,0,0,1,1
2153,469011168,1,0,0,0,0,1,1
2154,64700749,1,0,0,0,0,1,1
2155,58720423,1,0,0,0,0,1,1
2156,138180256,1,0,0,0,0,1,1
2157,22577537,1,0,0,0,0,1,1
2158,20792215,1,0,0,0,0,1,1
2159,55012866,1,0,0,0,0,1,1
2160,3739895539,1,0,0,0,0,1,1
2161,60741190,1,0,0,0,0,1,1
2162,569372824,1,0,0,0,0,1,1
2163,39173025,1,0,0,0,0,1,1
2164,14432306,1,0,0,0,0,1,1
2165,349237218,1,0,0,0,0,1,1
2166,348037067,1,0,0,0,0,1,1
2167,428333,1,0,0,0,0,1,1
2168,14701529,1,0,0,0,0,1,1
2169,24052927,1,1,0,0,0,0,1
2170,244231738,1,1,0,0,0,0,1
2171,41223851,1,1,0,0,0,0,1
2172,12290962,1,1,0,0,0,0,1
2173,527590695,1,1,0,0,0,0,1
2174,23599214,1,1,0,0,0,0,1
2175,353915160,1,1,0,0,0,0,1
2176,16367816,1,1,0,0,0,0,1
2177,17376553,1,1,0,0,0,0,1
2178,138468913,1,1,0,0,0,0,1
2179,18690342,1,1,0,0,0,0,1
2180,302247062,1,1,0,0,0,0,1
2181,23993734,1,1,0,0,0,0,1
2182,26745004,1,1,0,0,0,0,1
2183,41469938,1,1,0,0,0,0,1
2184,41600293,1,1,0,0,0,0,1
2185,167392042,1,1,0,0,0,0,1
2186,266187076,1,1,0,0,0,0,1
2187,119430759,1,1,0,0,0,0,1
2188,21668101,1,1,0,0,0,0,1
2189,23905157,1,1,0,0,0,0,1
2190,43952326,1,1,0,0,0,0,1
2191,79989712,1,1,0,0,0,0,1
2192,72950235,1,1,0,0,0,0,1
2193,17005782,1,1,0,0,0,0,1
2194,249234624,1,1,0,0,0,0,1
2195,9813152,1,1,0,0,0,0,1
2196,24599923,1,1,0,0,0,0,1
2197,54786833,1,1,0,0,0,0,1
2198,31277095,1,1,0,0,0,0,1
2199,18334825,1,1,0,0,0,0,1
2200,592100220,1,1,0,0,0,0,1
2201,98942778,1,1,0,0,0,0,1
2202,19769019,1,1,0,0,0,0,1
2203,236913058,1,1,0,0,0,0,1
2204,106837463,1,1,0,0,0,0,1
2205,24926416,1,1,0,0,0,0,1
2206,40352612,1,1,0,0,0,0,1
2207,14272671,1,1,0,0,0,0,1
2208,68559218,1,1,0,0,0,0,1
2209,277196398,1,1,0,0,0,0,1
2210,124292208,1,1,0,0,0,0,1
2211,19028615,1,1,0,0,0,0,1
2212,21208444,1,1,0,0,0,0,1
2213,28105186,1,1,0,0,0,0,1
2214,21222898,1,1,0,0,0,0,1
2215,90442559,1,1,0,0,0,0,1
2216,18392906,1,1,0,0,0,0,1
2217,60727036,1,1,0,0,0,0,1
2218,153656769,1,1,0,0,0,0,1
2219,15342400,1,1,0,0,0,0,1
2220,14493713,1,1,0,0,0,0,1
2221,86748498,1,1,0,0,0,0,1
2222,411476941,1,1,0,0,0,0,1
2223,118780654,1,1,0,0,0,0,1
2224,287694284,1,1,0,0,0,0,1
2225,17654388,1,1,0,0,0,0,1
2226,415630243,1,1,0,0,0,0,1
2227,25283065,1,1,0,0,0,0,1
2228,123550193,1,1,0,0,0,0,1
2229,115626888,1,1,0,0,0,0,1
2230,42929558,1,1,0,0,0,0,1
2231,148325018,1,1,0,0,0,0,1
2232,78987841,1,1,0,0,0,0,1
2233,256841370,1,1,0,0,0,0,1
2234,25319725,1,1,0,0,0,0,1
2235,26250338,1,1,0,0,0,0,1
2236,24918907,1,1,0,0,0,0,1
2237,39601084,1,1,0,0,0,0,1
2238,35973377,1,1,0,0,0,0,1
2239,20070905,1,1,0,0,0,0,1
2240,16012783,1,1,0,0,0,0,1
2241,17469289,1,1,0,0,0,0,1
2242,22211793,1,1,0,0,0,0,1
2243,14677919,1,1,0,0,0,0,1
2244,34995896,1,1,0,0,0,0,1
2245,15090453,1,1,0,0,0,0,1
2246,38527593,1,1,0,0,0,0,1
2247,43122620,1,1,0,0,0,0,1
2248,1112472517,1,1,0,0,0,0,1
2249,71430241,1,1,0,0,0,0,1
2250,15225275,1,1,0,0,0,0,1
2251,32004642,1,1,0,0,0,0,1
2252,23241541,1,1,0,0,0,0,1
2253,318506240,1,1,0,0,0,0,1
2254,1336209698,1,1,0,0,0,0,1
2255,157140968,1,1,0,0,0,0,1
2256,409486555,1,1,0,0,0,0,1
2257,52692491,1,1,0,0,0,0,1
2258,216439315,1,1,0,0,0,0,1
2259,545106345,1,1,0,0,0,0,1
2260,36065771,1,1,0,0,0,0,1
2261,63001569,1,1,0,0,0,0,1
2262,398076026,1,1,0,0,0,0,1
2263,201831678,1,1,0,0,0,0,1
2264,2900745378,1,1,0,0,0,0,1
2265,520750470,1,1,0,0,0,0,1
2266,2909649007,1,1,0,0,0,0,1
2267,547916959,1,1,0,0,0,0,1
2268,378067214,1,1,0,0,0,0,1
2269,722976952861241344,1,1,0,0,0,0,1
2270,46116730,1,1,0,0,0,0,1
2271,952324333,1,1,0,0,0,0,1
2272,1331619193,1,1,0,0,0,0,1
2273,204571785,1,1,0,0,0,0,1
2274,14754932,1,1,0,0,0,0,1
2275,312457122,1,1,0,0,0,0,1
2276,34817243,1,1,0,0,0,0,1
2277,236181948,1,1,0,0,0,0,1
2278,190298648,1,1,0,0,0,0,1
2279,292832259,1,1,0,0,0,0,1
2280,2608548373,1,1,0,0,0,0,1
2281,17057271,1,1,0,0,0,0,1
2282,185314895,1,1,0,0,0,0,1
2283,28566616,1,1,0,0,0,0,1
2284,16211434,1,1,0,0,0,0,1
2285,32496437,1,1,0,0,0,0,1
2286,25023809,1,1,0,0,0,0,1
2287,975985027,1,1,0,0,0,0,1
2288,1548750349,1,1,0,0,0,0,1
2289,1465263656,1,1,0,0,0,0,1
2290,364459360,1,1,0,0,0,0,1
2291,302053278,1,1,0,0,0,0,1
2292,13538432,1,1,0,0,0,0,1
2293,599611634,1,1,0,0,0,0,1
2294,17088407,1,1,0,0,0,0,1
2295,278112083,1,1,0,0,0,0,1
2296,15651844,1,1,0,0,0,0,1
2297,153474021,1,1,0,0,0,0,1
2298,43365508,1,1,0,0,0,0,1
2299,729212238,1,1,0,0,0,0,1
2300,223968031,1,1,0,0,0,0,1
2301,23665878,1,1,0,0,0,0,1
2302,29247964,1,1,0,0,0,0,1
2303,260370271,1,1,0,0,0,0,1
2304,19943858,1,1,0,0,0,0,1
2305,15466121,1,1,0,0,0,0,1
2306,1480225237,1,1,0,0,0,0,1
2307,15962108,1,1,0,0,0,0,1
2308,185738132,1,1,0,0,0,0,1
2309,2274171164,1,1,0,0,0,0,1
2310,173988421,1,1,0,0,0,0,1
2311,409203711,1,1,0,0,0,0,1
2312,280461866,1,1,0,0,0,0,1
2313,961152002,1,1,0,0,0,0,1
2314,17885058,1,1,0,0,0,0,1
2315,486699336,1,1,0,0,0,0,1
2316,22948575,1,1,0,0,0,0,1
2317,39778644,1,1,0,0,0,0,1
2318,204856343,1,1,0,0,0,0,1
2319,325539130,1,1,0,0,0,0,1
2320,63276081,1,1,0,0,0,0,1
2321,14627153,1,1,0,0,0,0,1
2322,24791311,1,1,0,0,0,0,1
2323,80915261,1,0,0,0,0,1,1
2324,18309277,1,1,0,0,0,0,1
2325,18649762,1,1,0,0,0,0,1
2326,95386370,1,1,0,0,0,0,1
2327,19666160,1,1,0,0,0,0,1
2328,64498671,1,1,0,0,0,0,1
2329,20012674,1,1,0,0,0,0,1
2330,22560533,1,1,0,0,0,0,1
2331,58462957,1,1,0,0,0,0,1
2332,15892635,1,1,0,0,0,0,1
2333,23650110,1,0,1,0,0,0,1
2334,72760948,1,1,0,0,0,0,1
2335,137904193,1,1,0,0,0,0,1
2336,13557972,1,1,0,0,0,0,1
2337,916052708930588672,1,0,1,0,0,0,1
2338,903331184385466368,1,0,1,0,0,0,1
2339,1070362049056788486,1,0,1,0,0,0,1
2340,1133890336516911104,1,0,1,0,0,0,1
2341,83905839,1,1,0,0,0,0,1
2342,20413022,1,1,0,0,0,0,1
2343,17097233,1,1,0,0,0,0,1
2344,16302325,1,1,0,0,0,0,1
2345,8852492,1,1,0,0,0,0,1
2346,167537258,1,1,0,0,0,0,1
2347,108136239,1,1,0,0,0,0,1
2348,15911133,1,1,0,0,0,0,1
2349,15362786,1,1,0,0,0,0,1
2350,32604347,1,1,0,0,0,0,1
2351,110447195,1,1,0,0,0,0,1
2352,13735532,1,1,0,0,0,0,1
2353,55982762,1,1,0,0,0,0,1
2354,14399375,1,1,0,0,0,0,1
2355,5543642,1,1,0,0,0,0,1
2356,20267485,1,1,0,0,0,0,1
2357,41911962,1,1,0,0,0,0,1
2358,314865755,1,1,0,0,0,0,1
2359,39293968,1,1,0,0,0,0,1
2360,472521867,1,0,1,0,0,0,1
2361,770209039,1,0,1,0,0,0,1
2362,106445504,1,1,0,0,0,0,1
2363,24221467,1,0,1,0,0,0,1
2364,1372529382,1,0,1,0,0,0,1
2365,942929922,1,0,1,0,0,0,1
2366,2861995431,1,0,1,0,0,0,1
2367,604246392,1,0,1,0,0,0,1
2368,1567020738,1,0,1,0,0,0,1
2369,506889612,1,0,1,0,0,0,1
2370,2971295925,1,0,1,0,0,0,1
2371,2972825581,1,0,1,0,0,0,1
2372,2853534163,1,0,1,0,0,0,1
2373,25568742,1,0,1,0,0,0,1
2374,565750970,1,0,1,0,0,0,1
2375,4152179344,1,0,1,0,0,0,1
2376,292942699,1,0,1,0,0,0,1
2377,3191978229,1,0,1,0,0,0,1
2378,476505282,1,0,1,0,0,0,1
2379,2975468461,1,0,1,0,0,0,1
2380,2848995337,1,0,1,0,0,0,1
2381,481451207,1,0,1,0,0,0,1
2382,2243816255,1,0,1,0,0,0,1
2383,3325619312,1,0,1,0,0,0,1
2384,748731676407189505,1,0,1,0,0,0,1
2385,834609484781723648,1,0,1,0,0,0,1
2386,757975895835545600,1,0,1,0,0,0,1
2387,2291743184,1,0,1,0,0,0,1
2388,120357307,1,0,1,0,0,0,1
2389,206466802,1,0,1,0,0,0,1
2390,200957513,1,0,1,0,0,0,1
2391,1167262364,1,0,1,0,0,0,1
2392,3011285971,1,0,1,0,0,0,1
2393,709402166126112769,1,0,1,0,0,0,1
2394,26046571,1,0,1,0,0,0,1
2395,4114827676,1,0,1,0,0,0,1
2396,2745456873,1,0,1,0,0,0,1
2397,1920875018,1,0,1,0,0,0,1
2398,3292180920,1,0,1,0,0,0,1
2399,34985514,1,1,0,0,0,0,1
2400,20496458,1,1,0,0,0,0,1
2401,40966059,1,1,0,0,0,0,1
2402,144851483,1,1,0,0,0,0,1
2403,20007182,1,1,0,0,0,0,1
2404,118749374,1,1,0,0,0,0,1
2405,53358305,1,1,0,0,0,0,1
2406,17730260,1,1,0,0,0,0,1
2407,36524855,1,1,0,0,0,0,1
2408,5391882,1,1,0,0,0,0,1
2409,148484883,1,1,0,0,0,0,1
2410,383908116,1,1,0,0,0,0,1
2411,14052411,1,1,0,0,0,0,1
2412,75723871,1,1,0,0,0,0,1
2413,84424560,1,1,0,0,0,0,1
2414,65104337,1,1,0,0,0,0,1
2415,369487432,1,1,0,0,0,0,1
2416,44436908,1,1,0,0,0,0,1
2417,156301886,1,1,0,0,0,0,1
2418,20844048,1,1,0,0,0,0,1
2419,14400143,1,1,0,0,0,0,1
2420,248900221,1,1,0,0,0,0,1
2421,248902044,1,1,0,0,0,0,1
2422,35582189,1,1,0,0,0,0,1
2423,48000481,1,1,0,0,0,0,1
2424,16929349,1,1,0,0,0,0,1
2425,51945792,1,1,0,0,0,0,1
2426,27511085,1,1,0,0,0,0,1
2427,16890261,1,1,0,0,0,0,1
2428,25402789,1,1,0,0,0,0,1
2429,5505302,1,1,0,0,0,0,1
2430,23833642,1,1,0,0,0,0,1
2431,64822927,1,1,0,0,0,0,1
2432,54819492,1,1,0,0,0,0,1
2433,31002374,1,1,0,0,0,0,1
2434,18512478,1,1,0,0,0,0,1
2435,17901399,1,1,0,0,0,0,1
2436,14384331,1,1,0,0,0,0,1
2437,20407539,1,1,0,0,0,0,1
2438,20025220,1,1,0,0,0,0,1
2439,24895193,1,1,0,0,0,0,1
2440,16186288,1,1,0,0,0,0,1
2441,31119337,1,1,0,0,0,0,1
2442,16945578,1,1,0,0,0,0,1
2443,16935734,1,1,0,0,0,0,1
2444,200358354,1,1,0,0,0,0,1
2445,106561591,1,1,0,0,0,0,1
2446,35459922,1,1,0,0,0,0,1
2447,204491797,1,1,0,0,0,0,1
2448,19292133,1,1,0,0,0,0,1
2449,39084522,1,1,0,0,0,0,1
2450,25402852,1,1,0,0,0,0,1
2451,20798244,1,1,0,0,0,0,1
2452,11569642,1,1,0,0,0,0,1
2453,24827776,1,1,0,0,0,0,1
2454,28726228,1,1,0,0,0,0,1
2455,29973284,1,1,0,0,0,0,1
2456,15170878,1,1,0,0,0,0,1
2457,41338503,1,1,0,0,0,0,1
2458,25313805,1,1,0,0,0,0,1
2459,64551012,1,1,0,0,0,0,1
2460,14828558,1,1,0,0,0,0,1
2461,43121121,1,1,0,0,0,0,1
2462,94704101,1,1,0,0,0,0,1
2463,46470446,1,1,0,0,0,0,1
2464,16266542,1,1,0,0,0,0,1
2465,39660271,1,1,0,0,0,0,1
2466,50687788,1,1,0,0,0,0,1
2467,80069507,1,1,0,0,0,0,1
2468,643443,1,1,0,0,0,0,1
2469,66797683,1,1,0,0,0,0,1
2470,39699269,1,1,0,0,0,0,1
2471,59598458,1,1,0,0,0,0,1
2472,19000409,1,1,0,0,0,0,1
2473,57249277,1,1,0,0,0,0,1
2474,19148708,1,1,0,0,0,0,1
2475,247015012,1,1,0,0,0,0,1
2476,377801255,1,1,0,0,0,0,1
2477,100855041,1,1,0,0,0,0,1
2478,50014754,1,1,0,0,0,0,1
2479,88221949,1,0,0,0,0,1,1
2480,14109613,1,0,0,0,0,1,1
2481,21909173,1,0,0,0,0,1,1
2482,121901712,1,0,0,0,0,1,1
2483,71575307,1,0,0,0,0,1,1
2484,15766731,1,0,0,0,0,1,1
2485,24403030,1,0,0,0,0,1,1
2486,75122016,1,0,0,0,0,1,1
2487,46488327,1,0,0,0,0,1,1
2488,9376292,1,0,0,0,0,1,1
2489,59247894,1,0,0,0,0,1,1
2490,54365543,1,0,0,0,0,1,1
2491,45893381,1,0,0,0,0,1,1
2492,124280841,1,0,0,0,0,1,1
2493,38531995,1,0,0,0,0,1,1
2494,42495288,1,0,0,0,0,1,1
2495,74837960,1,0,0,0,0,1,1
2496,20962569,1,0,0,0,0,1,1
2497,31827169,1,0,0,0,0,1,1
2498,10156532,1,0,0,0,0,1,1
2499,8417802,1,0,0,0,0,1,1
2500,74169715,1,0,0,0,0,1,1
2501,19111507,1,0,0,0,0,1,1
2502,14294650,1,0,0,0,0,1,1
2503,9166462,1,0,0,0,0,1,1
2504,14058059,1,0,0,0,0,1,1
2505,21446248,1,0,0,0,0,1,1
2506,14780086,1,0,0,0,0,1,1
2507,14572033,1,0,0,0,0,1,1
2508,2390651,1,0,0,0,0,1,1
2509,27953,1,0,0,0,0,1,1
2510,15254388,1,0,0,0,0,1,1
2511,15811608,1,0,0,0,0,1,1
2512,16006568,1,0,0,0,0,1,1
2513,15601054,1,0,0,0,0,1,1
2514,16581734,1,0,0,0,0,1,1
2515,31941957,1,0,0,0,0,1,1
2516,33288724,1,0,0,0,0,1,1
2517,748718857599250432,1,1,0,0,0,0,1
2518,261955524,1,0,0,0,1,0,1
2519,20384034,1,0,0,0,1,0,1
2520,1093893686,1,0,0,0,1,0,1
2521,204219104,1,0,0,0,1,0,1
2522,372971561,1,0,0,0,1,0,1
2523,891375588266582016,1,0,0,0,1,0,1
2524,54943952,1,0,0,0,1,0,1
2525,3295124513,1,0,0,0,1,0,1
2526,796265213154594816,1,0,0,0,1,0,1
2527,25365536,1,0,0,0,0,1,1
2528,2778484073,1,0,0,0,1,0,1
2529,1244767350047617025,1,0,0,0,1,0,1
2530,3389248114,1,0,0,0,1,0,1
2531,4253315303,1,0,0,0,1,0,1
2532,18567647,1,0,0,0,1,0,1
2533,805778873996771328,1,0,0,0,1,0,1
2534,17525171,1,0,0,0,1,0,1
2535,847489130393092097,1,0,0,0,1,0,1
2536,3084852286,1,0,0,0,1,0,1
2537,1514657163909603336,1,0,0,0,1,0,1
2538,1438259690849415170,1,0,0,0,1,0,1
2539,32959253,1,0,0,0,0,1,1
2540,76256268,1,0,0,0,0,1,1
2541,36700176,1,0,0,0,0,1,1
2542,92894279,1,0,0,0,0,1,1
2543,18099373,1,0,0,0,0,1,1
2544,21414413,1,0,0,0,0,1,1
2545,35874969,1,0,0,0,0,1,1
2546,21681809,1,0,0,0,0,1,1
2547,19329393,1,0,0,0,0,1,1
2548,69072949,1,0,0,0,0,1,1
2549,78722011,1,0,0,0,0,1,1
2550,61105377,1,0,0,0,0,1,1
2551,13865472,1,0,0,0,0,1,1
2552,54622308,1,0,0,0,0,1,1
2553,1022276005292138496,1,0,0,0,1,0,1
2554,6841332,1,0,0,0,0,1,1
2555,12020372,1,0,0,0,0,1,1
2556,14230524,1,0,0,0,0,1,1
2557,340973398,1,0,0,0,0,1,1
2558,805211431,1,0,0,0,0,1,1
2559,568514332,1,0,0,0,0,1,1
2560,113803798,1,0,0,0,0,1,1
2561,234847894,1,0,0,0,0,1,1
2562,260866130,1,0,0,0,0,1,1
2563,203154312,1,0,0,0,0,1,1
2564,442929168,1,0,0,0,0,1,1
2565,147054381,1,0,0,0,0,1,1
2566,29546945,1,0,0,0,0,1,1
2567,107566352,1,0,0,0,0,1,1
2568,300622078,1,0,0,0,0,1,1
2569,47214545,1,0,0,0,0,1,1
2570,209919584,1,0,0,0,0,1,1
2571,24805296,1,0,0,0,0,1,1
2572,319190637,1,0,0,0,0,1,1
2573,57528569,1,0,0,0,0,1,1
2574,599477175,1,0,0,0,0,1,1
2575,89496772,1,0,0,0,0,1,1
2576,847095078,1,0,0,0,0,1,1
2577,1140850298,1,0,0,0,0,1,1
2578,8936082,1,0,0,0,0,1,1
2579,145861383,1,0,0,0,0,1,1
2580,21460395,1,0,0,0,0,1,1
2581,73402597,1,0,0,0,0,1,1
2582,13306282,1,0,0,0,0,1,1
2583,99993032,1,0,0,0,0,1,1
2584,863806075,1,0,0,0,0,1,1
2585,127927254,1,0,0,0,0,1,1
2586,217351049,1,0,0,0,0,1,1
2587,146124140,1,0,0,0,0,1,1
2588,365618653,1,0,0,0,0,1,1
2589,196254239,1,0,0,0,0,1,1
2590,630798161,1,0,0,0,0,1,1
2591,633256476,1,0,0,0,0,1,1
2592,405358348,1,0,0,0,0,1,1
2593,17398655,1,0,0,0,0,1,1
2594,16751398,1,0,0,0,0,1,1
2595,59847145,1,0,0,0,0,1,1
2596,54541648,1,0,0,0,0,1,1
2597,24692613,1,0,0,0,0,1,1
2598,36568789,1,0,0,0,0,1,1
2599,14571534,1,0,0,0,0,1,1
2600,219011082,1,0,0,0,0,1,1
2601,14378281,1,0,0,0,0,1,1
2602,35974894,1,0,0,0,0,1,1
2603,193684643,1,0,0,0,0,1,1
2604,26810542,1,0,0,0,0,1,1
2605,17002395,1,0,0,0,0,1,1
2606,9548232,1,0,0,0,0,1,1
2607,2425151,1,0,0,0,0,1,1
2608,2675311,1,0,0,0,0,1,1
2609,39296847,1,0,0,0,0,1,1
2610,5798602,1,0,0,0,0,1,1
2611,14940826,1,0,0,0,0,1,1
2612,15575403,1,0,0,0,0,1,1
2613,32213049,1,0,0,0,0,1,1
2614,33619885,1,0,0,0,0,1,1
2615,18738020,1,0,0,0,0,1,1
2616,55377688,1,0,0,0,0,1,1
2617,16407433,1,0,0,0,0,1,1
2618,373021332,1,0,0,0,0,1,1
2619,55379849,1,0,0,0,0,1,1
2620,18026275,1,0,0,0,0,1,1
2621,178611523,1,0,0,0,0,1,1
2622,249812250,1,0,0,0,0,1,1
2623,40685076,1,0,0,0,0,1,1
2624,277279615,1,0,0,0,0,1,1
2625,140665012,1,0,0,0,0,1,1
2626,120195844,1,0,0,0,0,1,1
2627,83409998,1,0,0,0,0,1,1
2628,14810463,1,0,0,0,0,1,1
2629,14875155,1,0,0,0,0,1,1
2630,27792169,1,0,0,0,0,1,1
2631,408952413,1,0,0,0,1,0,1
2632,19380829,1,0,0,0,1,0,1
2633,779080620504821760,1,0,0,0,1,0,1
2634,2153380262,1,0,0,0,1,0,1
2635,1297947187612180480,1,0,0,0,1,0,1
2636,251677047,1,0,0,0,1,0,1
2637,1238105914130956295,1,0,0,0,1,0,1
2638,915643808649404416,1,0,0,0,1,0,1
2639,107265181,1,0,0,0,1,0,1
2640,25982688,1,0,0,0,1,0,1
2641,1146625940799270914,1,0,0,0,1,0,1
2642,347458337,1,0,0,0,1,0,1
2643,17837184,1,0,0,0,1,0,1
2644,767797189896581120,1,0,0,0,1,0,1
2645,4883564636,1,0,0,0,1,0,1
2646,3237356290,1,0,0,0,1,0,1
2647,58598187,1,0,0,0,1,0,1
2648,1730984839,1,0,0,0,1,0,1
2649,1003924068926705664,1,0,0,0,1,0,1
2650,27010573,1,0,0,0,1,0,1
2651,471475059,1,0,0,0,1,0,1
2652,1292994624840179713,1,0,0,0,1,0,1
2653,53711177,1,0,0,0,1,0,1
2654,2530740480,1,0,0,0,1,0,1
2655,402733032,1,0,0,0,1,0,1
2656,256883252,1,0,0,0,1,0,1
2657,256135582,1,0,0,0,1,0,1
2658,108088143,1,0,0,0,1,0,1
2659,1394060646405312520,1,0,0,0,1,0,1
2660,83667313,1,0,0,0,1,0,1
2661,29240308,1,0,0,0,1,0,1
2662,17479266,1,0,0,0,1,0,1
2663,1004058161546964992,1,0,0,0,1,0,1
2664,228380072,1,0,0,0,1,0,1
2665,603430695,1,0,0,0,1,0,1
2666,1016008321,1,0,0,0,1,0,1
2667,34648965,1,0,0,0,1,0,1
2668,606272398,1,0,0,0,1,0,1
2669,2909329801,1,0,0,0,1,0,1
2670,257910984,1,0,0,0,1,0,1
2671,3179009754,1,0,0,0,1,0,1
2672,2300629838,1,0,0,0,1,0,1
2673,168374159,1,1,0,0,0,0,1
2674,322702909,1,1,0,0,0,0,1
2675,2411165762,1,1,0,0,0,0,1
2676,50299687,1,1,0,0,0,0,1
2677,1498140301,1,1,0,0,0,0,1
2678,212559227,1,1,0,0,0,0,1
2679,432888894,1,1,0,0,0,0,1
2680,176203119,1,1,0,0,0,0,1
2681,866367923023204352,1,1,0,0,0,0,1
2682,154668400,1,1,0,0,0,0,1
2683,243240163,1,1,0,0,0,0,1
2684,2191061678,1,1,0,0,0,0,1
2685,422884879,1,1,0,0,0,0,1
2686,29467522,1,1,0,0,0,0,1
2687,21550398,1,1,0,0,0,0,1
2688,380724372,1,1,0,0,0,0,1
2689,282314689,1,1,0,0,0,0,1
2690,507633911,1,1,0,0,0,0,1
2691,302110032,1,0,0,0,1,0,1
2692,4116874932,1,1,0,0,0,0,1
2693,221425620,1,0,0,0,1,0,1
2694,252697395,1,0,0,0,1,0,1
2695,127733646,1,0,0,0,1,0,1
2696,400223120,1,0,0,0,1,0,1
2697,302264302,1,0,0,0,1,0,1
2698,31866538,1,0,0,0,1,0,1
2699,18949541,1,0,0,0,1,0,1
2700,28998530,1,1,0,0,0,0,1
2701,2569743630,1,1,0,0,0,0,1
2702,1191242029407375360,1,1,0,0,0,0,1
2703,1302871633,1,1,0,0,0,0,1
2704,67434846,1,1,0,0,0,0,1
2705,595997584,1,1,0,0,0,0,1
2706,58777855,1,1,0,0,0,0,1
2707,316477952,1,1,0,0,0,0,1
2708,113523341,1,0,0,0,1,0,1
2709,22201002,1,0,0,0,1,0,1
2710,181647126,1,0,0,0,1,0,1
2711,1023237285897224192,1,0,0,0,1,0,1
2712,923279889712734208,1,0,0,0,1,0,1
2713,30364057,1,0,0,0,1,0,1
2714,2228645863,1,0,0,0,1,0,1
2715,1449836297623834634,1,0,0,0,1,0,1
2716,1072587855690637312,1,0,0,0,1,0,1
2717,1618769786,1,0,0,0,1,0,1
2718,1003383605169676288,1,0,0,0,1,0,1
2719,21560513,1,0,0,0,1,0,1
2720,16683739,1,0,0,0,1,0,1
2721,216057017,1,0,0,0,1,0,1
2722,1224574474164400128,1,0,0,0,1,0,1
2723,1089071808123265024,1,0,0,0,1,0,1
2724,1192191876264316928,1,0,0,0,1,0,1
2725,2612643133,1,0,0,0,1,0,1
2726,87222643,1,0,0,0,1,0,1
2727,3149025925,1,0,0,0,1,0,1
2728,2400365622,1,0,0,0,1,0,1
2729,1325141741259911169,1,0,0,0,1,0,1
2730,1865061973,1,0,0,0,1,0,1
2731,14282672,1,0,0,0,1,0,1
2732,269897088,1,0,0,0,1,0,1
2733,331057915,1,0,0,0,1,0,1
2734,1426645165,1,0,0,0,1,0,1
2735,244718799,1,0,0,0,1,0,1
2736,845236116,1,0,0,0,1,0,1
2737,2501044201,1,0,0,0,1,0,1
2738,816157231079165957,1,0,0,0,1,0,1
2739,14985126,1,0,0,0,1,0,1
2740,63345988,1,0,0,0,1,0,1
2741,1299795535738605575,1,0,0,0,1,0,1
2742,20898564,1,0,0,0,1,0,1
2743,156005263,1,0,0,0,1,0,1
2744,766442849357426688,1,0,0,0,1,0,1
2745,1962126390,1,0,0,0,1,0,1
2746,3312278332,1,0,0,0,1,0,1
2747,1235632880400941058,1,0,0,0,1,0,1
2748,1207698329016164354,1,0,0,0,1,0,1
2749,860797838,1,0,0,0,1,0,1
2750,3168463452,1,0,0,0,1,0,1
2751,855511453398388736,1,0,0,0,1,0,1
2752,1075232483736723456,1,0,0,0,1,0,1
2753,819543872883884032,1,0,0,0,1,0,1
2754,1209913647440334849,1,0,0,0,1,0,1
2755,963423001814405121,1,0,0,0,1,0,1
2756,1451749939130798088,1,0,0,0,1,0,1
2757,1412501772539678725,1,0,0,0,1,0,1
2758,218246983,1,0,0,0,1,0,1
2759,960138315268681728,1,0,0,0,1,0,1
2760,1041419089359593472,1,0,0,0,1,0,1
2761,1105857051803176962,1,0,0,0,1,0,1
2762,1145682126668537856,1,0,0,0,1,0,1
2763,65576332,1,0,0,0,1,0,1
2764,20648605,1,0,0,0,1,0,1
2765,105340932,1,0,0,0,1,0,1
2766,3015875509,1,0,0,0,1,0,1
2767,428650517,1,0,0,0,1,0,1
2768,156372529,1,0,0,0,1,0,1
2769,1036334985219895297,1,0,0,0,1,0,1
2770,3273303871,1,0,0,0,1,0,1
2771,3686341756,1,0,0,0,1,0,1
2772,2804611120,1,0,0,0,1,0,1
2773,749457901777874944,1,0,0,0,1,0,1
2774,149985892,1,0,0,0,1,0,1
2775,147524827,1,0,0,0,1,0,1
2776,845833902027554818,1,0,0,0,1,0,1
2777,3787080024,1,0,0,0,1,0,1
2778,480861343,1,0,0,0,1,0,1
2779,854501507181531136,1,0,0,0,1,0,1
2780,36365736,1,0,0,0,1,0,1
2781,1043159655755800576,1,0,0,0,1,0,1
2782,1140931506,1,0,0,0,1,0,1
2783,1049280876864045056,1,0,0,0,1,0,1
2784,982267237787566081,1,0,0,0,1,0,1
2785,581972531,1,0,0,1,0,0,1
